id,login,primeiro_nome,sobrenome,email,sexo,ip_address
1,ttredwell0,Tito,Tredwell,ttredwell0@goo.ne.jp,Female,108.4.1.76
2,sfriedenbach1,Sibella,Friedenbach,sfriedenbach1@altervista.org,Male,211.108.206.189
3,hmilroy2,Henderson,Milroy,hmilroy2@wisc.edu,Female,56.70.235.71
4,cribbens3,Consuela,Ribbens,cribbens3@creativecommons.org,Male,146.39.180.76
5,tlehuquet4,Trescha,Le Huquet,tlehuquet4@umn.edu,Male,147.201.251.203
6,ivise5,Ingrim,Vise,ivise5@comsenz.com,Female,245.87.254.190
7,mciccone6,Manon,Ciccone,mciccone6@merriam-webster.com,Female,242.170.127.142
8,afrostdicke7,Abbie,Frostdicke,afrostdicke7@moonfruit.com,Female,231.183.150.229
9,ajojic8,Adrea,Jojic,ajojic8@jiathis.com,Male,210.124.89.165
10,erodda9,Ewell,Rodda,erodda9@feedburner.com,Male,9.248.225.224
11,cskinglea,Christalle,Skingle,cskinglea@about.me,Male,64.92.24.16
12,hmacvanamyb,Ham,MacVanamy,hmacvanamyb@yahoo.co.jp,Male,155.64.246.159
13,hempsc,Hanny,Emps,hempsc@umn.edu,Female,130.112.26.25
14,cvellacottd,Caryl,Vellacott,cvellacottd@independent.co.uk,Female,141.127.146.162
15,cgozzette,Colleen,Gozzett,cgozzette@intel.com,Male,143.184.44.215
16,ddrooganf,Doralin,Droogan,ddrooganf@yale.edu,Male,116.15.162.239
17,sspratlingg,Sherlock,Spratling,sspratlingg@yellowpages.com,Male,79.17.227.138
18,nzarbh,Noe,Zarb,nzarbh@telegraph.co.uk,Male,248.130.44.175
19,ocossansi,Oralle,Cossans,ocossansi@tuttocitta.it,Male,148.171.177.79
20,jsaffenj,Jana,Saffen,jsaffenj@dedecms.com,Male,18.144.5.134
21,rotridgek,Ram,Otridge,rotridgek@unicef.org,Male,159.2.215.214
22,wmontillal,Willette,Montilla,wmontillal@about.me,Male,112.203.115.84
23,mhadleem,Maury,Hadlee,mhadleem@tamu.edu,Male,86.68.210.155
24,bwegenern,Barbe,Wegener,bwegenern@ox.ac.uk,Female,8.62.22.81
25,cmahaddieo,Cherie,Mahaddie,cmahaddieo@umich.edu,Female,235.90.161.46
26,fmeugensp,Faun,Meugens,fmeugensp@so-net.ne.jp,Male,205.241.142.223
27,larchleyq,Lauren,Archley,larchleyq@sciencedaily.com,Female,58.104.203.65
28,bphaupr,Brenda,Phaup,bphaupr@lulu.com,Female,214.93.110.144
29,fsearls,Florrie,Searl,fsearls@theglobeandmail.com,Male,150.154.92.198
30,mscoggint,Merla,Scoggin,mscoggint@sciencedirect.com,Male,159.211.85.162
31,asterricku,Allyson,Sterrick,asterricku@nhs.uk,Female,53.33.34.49
32,tcamseyv,Tamarah,Camsey,tcamseyv@uol.com.br,Female,9.197.74.120
33,ngoomesw,Nehemiah,Goomes,ngoomesw@imageshack.us,Female,206.16.192.82
34,zsteedx,Zara,Steed,zsteedx@weebly.com,Male,151.59.60.122
35,callitty,Chas,Allitt,callitty@noaa.gov,Female,154.218.93.176
36,rskoofz,Roxana,Skoof,rskoofz@infoseek.co.jp,Male,149.87.60.27
37,bpelerin10,Brice,Pelerin,bpelerin10@trellian.com,Female,237.64.33.180
38,anell11,Aksel,Nell,anell11@fc2.com,Female,119.240.201.193
39,jmangeon12,Jason,Mangeon,jmangeon12@reference.com,Male,19.93.190.79
40,ebhatia13,Else,Bhatia,ebhatia13@desdev.cn,Male,52.14.171.104
41,rwhitsun14,Roxy,Whitsun,rwhitsun14@time.com,Female,177.215.216.165
42,scurrum15,Sibbie,Currum,scurrum15@1688.com,Female,29.245.112.105
43,wsandon16,Wainwright,Sandon,wsandon16@microsoft.com,Female,35.233.21.59
44,coby17,Caroljean,Oby,coby17@nydailynews.com,Female,199.46.66.203
45,sgettins18,Sayre,Gettins,sgettins18@php.net,Female,219.35.254.172
46,lmarcombe19,Lauretta,Marcombe,lmarcombe19@answers.com,Female,97.111.79.96
47,redwicker1a,Reade,Edwicker,redwicker1a@slashdot.org,Female,170.184.121.89
48,msmy1b,Merrill,Smy,msmy1b@xinhuanet.com,Female,0.91.117.221
49,ejahnig1c,Eugenius,Jahnig,ejahnig1c@google.nl,Female,231.164.216.191
50,mlatek1d,Mikaela,Latek,mlatek1d@oaic.gov.au,Female,50.113.14.76
51,tmarc1e,Theadora,Marc,tmarc1e@sun.com,Male,155.252.14.63
52,ntrebilcock1f,Nalani,Trebilcock,ntrebilcock1f@europa.eu,Male,252.0.63.167
53,gspalton1g,Gwendolin,Spalton,gspalton1g@princeton.edu,Male,105.161.58.11
54,oregorz1h,Orville,Regorz,oregorz1h@bandcamp.com,Male,140.113.139.33
55,pnewis1i,Philipa,Newis,pnewis1i@taobao.com,Male,175.117.58.176
56,mohallagan1j,Marcos,O'Hallagan,mohallagan1j@hhs.gov,Male,116.21.41.147
57,pharses1k,Pace,Harses,pharses1k@goo.ne.jp,Male,155.71.116.136
58,mrault1l,Mathew,Rault,mrault1l@linkedin.com,Female,245.137.9.249
59,cmillimoe1m,Claudell,Millimoe,cmillimoe1m@census.gov,Male,40.82.49.233
60,eghidetti1n,Eugen,Ghidetti,eghidetti1n@sina.com.cn,Female,100.48.113.142
61,jscallan1o,Julee,Scallan,jscallan1o@oracle.com,Female,211.123.134.78
62,mdeblasio1p,Mattie,De Blasio,mdeblasio1p@nps.gov,Female,27.109.222.135
63,fcleal1q,Fredrick,Cleal,fcleal1q@over-blog.com,Male,37.244.59.143
64,rentwhistle1r,Rahel,Entwhistle,rentwhistle1r@live.com,Female,62.180.141.70
65,fglenfield1s,Faustina,Glenfield,fglenfield1s@fastcompany.com,Female,108.122.127.206
66,twhitnall1t,Tammie,Whitnall,twhitnall1t@sbwire.com,Male,138.161.147.58
67,ccabrara1u,Cherilynn,Cabrara,ccabrara1u@statcounter.com,Male,91.180.36.203
68,ldelboux1v,Llywellyn,d' Elboux,ldelboux1v@godaddy.com,Female,211.178.29.95
69,mvaskin1w,Mame,Vaskin,mvaskin1w@engadget.com,Male,89.248.175.227
70,wmatheson1x,Woodrow,Matheson,wmatheson1x@gizmodo.com,Female,234.109.134.144
71,bbattson1y,Briano,Battson,bbattson1y@shareasale.com,Male,45.126.7.53
72,lfigures1z,Lucho,Figures,lfigures1z@google.com.hk,Male,119.52.202.246
73,tthom20,Thayne,Thom,tthom20@mashable.com,Male,11.205.150.218
74,ewrotham21,Elset,Wrotham,ewrotham21@youku.com,Female,192.158.223.144
75,onovakovic22,Orsa,Novakovic,onovakovic22@google.com.au,Male,77.227.76.203
76,tpelz23,Tynan,Pelz,tpelz23@yahoo.com,Female,14.238.173.2
77,ecastellaccio24,Elene,Castellaccio,ecastellaccio24@angelfire.com,Male,18.156.134.80
78,gdalton25,Godart,Dalton,gdalton25@home.pl,Female,179.87.37.83
79,cbiddell26,Clayborn,Biddell,cbiddell26@smh.com.au,Female,148.38.176.179
80,mchumley27,Margarete,Chumley,mchumley27@bloomberg.com,Female,63.137.221.22
81,rcarlos28,Ranice,Carlos,rcarlos28@cam.ac.uk,Female,25.102.167.226
82,icrain29,Irene,Crain,icrain29@tamu.edu,Female,134.97.43.228
83,lstollwerk2a,Lynnett,Stollwerk,lstollwerk2a@amazon.com,Female,6.31.117.115
84,adifranceshci2b,Alon,Di Franceshci,adifranceshci2b@vkontakte.ru,Male,129.212.107.21
85,aganiclef2c,Ada,Ganiclef,aganiclef2c@princeton.edu,Female,93.158.247.102
86,sfrazer2d,Sandie,Frazer,sfrazer2d@flickr.com,Male,187.160.53.209
87,kechallier2e,Kitty,Echallier,kechallier2e@adobe.com,Male,180.49.8.196
88,sdingwall2f,Stefania,Dingwall,sdingwall2f@goo.ne.jp,Female,92.175.120.125
89,winsoll2g,Wilhelmine,Insoll,winsoll2g@oaic.gov.au,Female,196.137.198.125
90,rmacintosh2h,Reina,MacIntosh,rmacintosh2h@xrea.com,Male,141.82.203.61
91,bharle2i,Brigham,Harle,bharle2i@independent.co.uk,Male,158.107.76.66
92,ckolyagin2j,Clementia,Kolyagin,ckolyagin2j@washington.edu,Male,64.122.208.197
93,islogrove2k,Isabelle,Slogrove,islogrove2k@mozilla.com,Male,54.61.63.119
94,sduligall2l,Stephanus,Duligall,sduligall2l@example.com,Female,247.37.162.148
95,rboffin2m,Rosabelle,Boffin,rboffin2m@oaic.gov.au,Female,243.26.225.238
96,jtremolieres2n,Jaime,Tremolieres,jtremolieres2n@unesco.org,Male,10.0.126.62
97,lberi2o,Linus,Beri,lberi2o@amazon.com,Male,91.36.205.70
98,dwickliffe2p,Dael,Wickliffe,dwickliffe2p@elpais.com,Female,100.47.33.2
99,cgrainger2q,Celestine,Grainger,cgrainger2q@godaddy.com,Female,141.18.222.192
100,rjedraszczyk2r,Reynolds,Jedraszczyk,rjedraszczyk2r@nyu.edu,Female,228.33.206.22
101,rrizzello2s,Rosco,Rizzello,rrizzello2s@netlog.com,Female,55.166.239.166
102,aetty2t,Ambrose,Etty,aetty2t@sohu.com,Female,64.142.88.102
103,kwilmot2u,Kessia,Wilmot,kwilmot2u@wikia.com,Female,15.133.203.242
104,mdenial2v,Mitch,Denial,mdenial2v@icq.com,Male,230.0.216.140
105,gitzkowicz2w,Gasper,Itzkowicz,gitzkowicz2w@answers.com,Male,85.116.150.32
106,dlambie2x,Deva,Lambie,dlambie2x@wiley.com,Male,184.174.153.86
107,tcaldron2y,Tammy,Caldron,tcaldron2y@phoca.cz,Female,77.19.132.172
108,nrougier2z,Nerti,Rougier,nrougier2z@slideshare.net,Male,196.53.131.133
109,adarrach30,Alanah,Darrach,adarrach30@i2i.jp,Female,248.24.204.158
110,mlovelady31,Mariquilla,Lovelady,mlovelady31@dedecms.com,Male,145.104.233.156
111,dlivingstone32,Dyanna,Livingstone,dlivingstone32@newyorker.com,Male,225.168.215.19
112,thare33,Taffy,Hare,thare33@wufoo.com,Male,166.184.145.153
113,cbaldi34,Colleen,Baldi,cbaldi34@theguardian.com,Male,206.57.225.142
114,jsinkin35,Jacquie,Sinkin,jsinkin35@biblegateway.com,Male,19.98.15.108
115,ncurnock36,Neale,Curnock,ncurnock36@opera.com,Male,72.182.211.232
116,ssmitton37,Sofia,Smitton,ssmitton37@google.es,Male,185.113.44.231
117,cfaltin38,Cacilie,Faltin,cfaltin38@vkontakte.ru,Female,141.164.216.165
118,vjoutapaitis39,Vanna,Joutapaitis,vjoutapaitis39@people.com.cn,Male,193.83.49.47
119,dbattell3a,Dedra,Battell,dbattell3a@biblegateway.com,Female,188.18.3.67
120,pohare3b,Pandora,O'Hare,pohare3b@com.com,Male,4.54.212.246
121,dpingstone3c,Duke,Pingstone,dpingstone3c@miitbeian.gov.cn,Female,122.108.200.60
122,mfleg3d,Michaeline,Fleg,mfleg3d@opensource.org,Female,245.164.221.214
123,lbreede3e,Lizzy,Breede,lbreede3e@unesco.org,Male,249.125.239.232
124,ashepheard3f,Augustine,Shepheard,ashepheard3f@prnewswire.com,Female,86.49.208.181
125,acastell3g,Ania,Castell,acastell3g@uol.com.br,Female,233.23.226.176
126,nsamme3h,Nickie,Samme,nsamme3h@de.vu,Female,75.82.81.164
127,clonding3i,Calley,Londing,clonding3i@163.com,Male,68.156.153.155
128,mrenish3j,Mellicent,Renish,mrenish3j@com.com,Male,28.176.41.48
129,nbiaggiotti3k,Nikaniki,Biaggiotti,nbiaggiotti3k@usnews.com,Female,40.239.47.250
130,ksenner3l,Karine,Senner,ksenner3l@patch.com,Male,97.231.33.164
131,pswains3m,Pier,Swains,pswains3m@examiner.com,Male,169.90.141.169
132,mbaike3n,Murray,Baike,mbaike3n@samsung.com,Male,196.97.119.2
133,tgrimmer3o,Tabina,Grimmer,tgrimmer3o@ca.gov,Female,201.159.55.54
134,dantic3p,Denys,Antic,dantic3p@kickstarter.com,Male,116.15.218.2
135,sstoade3q,Sigrid,Stoade,sstoade3q@pcworld.com,Male,32.4.111.232
136,rchataignier3r,Rosanne,Chataignier,rchataignier3r@ustream.tv,Male,161.20.36.86
137,cmckleod3s,Carlyn,McKleod,cmckleod3s@topsy.com,Female,168.55.176.236
138,dcasolla3t,Dar,Casolla,dcasolla3t@imgur.com,Male,67.210.49.145
139,cwollrauch3u,Clerissa,Wollrauch,cwollrauch3u@kickstarter.com,Male,138.94.60.124
140,asabberton3v,Ayn,Sabberton,asabberton3v@aol.com,Male,68.87.155.58
141,mlovegrove3w,Morten,Lovegrove,mlovegrove3w@canalblog.com,Female,162.86.213.181
142,tkleiser3x,Theresita,Kleiser,tkleiser3x@ftc.gov,Female,81.56.153.191
143,ipablos3y,Ingar,Pablos,ipablos3y@live.com,Male,77.29.132.199
144,sjoanic3z,Shelby,Joanic,sjoanic3z@cnbc.com,Female,151.209.87.215
145,fpaxman40,Florry,Paxman,fpaxman40@senate.gov,Male,170.96.222.1
146,ibenes41,Iormina,Benes,ibenes41@amazon.de,Male,177.131.217.197
147,tsewill42,Tildie,Sewill,tsewill42@berkeley.edu,Male,15.44.145.186
148,kspickett43,Kelli,Spickett,kspickett43@ebay.com,Female,71.226.99.117
149,fadds44,Frasquito,Adds,fadds44@loc.gov,Male,97.42.176.140
150,lolfert45,Layne,Olfert,lolfert45@fc2.com,Male,238.117.5.180
151,jkeming46,Jen,Keming,jkeming46@miibeian.gov.cn,Male,232.171.255.29
152,shacksby47,Shane,Hacksby,shacksby47@cafepress.com,Female,141.12.166.93
153,kstrain48,Kassi,Strain,kstrain48@live.com,Female,114.245.192.223
154,mroddie49,Margo,Roddie,mroddie49@soup.io,Male,130.171.247.3
155,ltottie4a,Lettie,Tottie,ltottie4a@reference.com,Male,79.205.86.45
156,spowell4b,Susi,Powell,spowell4b@creativecommons.org,Male,2.65.75.96
157,jtollady4c,Jeffie,Tollady,jtollady4c@nsw.gov.au,Male,107.154.225.245
158,eappleford4d,Evie,Appleford,eappleford4d@over-blog.com,Female,210.219.237.215
159,dbolan4e,Duffy,Bolan,dbolan4e@pbs.org,Female,51.5.2.16
160,dokinedy4f,Demetris,O'Kinedy,dokinedy4f@hexun.com,Female,19.66.49.125
161,ivango4g,Isidro,Vango,ivango4g@4shared.com,Male,192.186.198.74
162,orylance4h,Odette,Rylance,orylance4h@nih.gov,Female,197.215.59.86
163,hberney4i,Harland,Berney,hberney4i@engadget.com,Male,107.246.201.197
164,bkrout4j,Bond,Krout,bkrout4j@flavors.me,Female,29.8.10.144
165,kshields4k,Katee,Shields,kshields4k@over-blog.com,Male,13.213.153.58
166,uguitonneau4l,Ursala,Guitonneau,uguitonneau4l@amazonaws.com,Male,226.151.204.220
167,arosie4m,Aurlie,Rosie,arosie4m@privacy.gov.au,Female,4.58.42.149
168,thulles4n,Terrence,Hulles,thulles4n@xrea.com,Female,47.9.105.9
169,rpavese4o,Rebekkah,Pavese,rpavese4o@youku.com,Female,53.239.161.148
170,dmenham4p,Demetria,Menham,dmenham4p@vkontakte.ru,Male,201.14.193.88
171,cbontine4q,Costa,Bontine,cbontine4q@dagondesign.com,Male,209.234.166.20
172,sheaseman4r,Sal,Heaseman,sheaseman4r@reference.com,Female,182.152.99.62
173,jdabney4s,Jemima,Dabney,jdabney4s@google.cn,Male,165.170.116.218
174,mgout4t,Millicent,Gout,mgout4t@yandex.ru,Female,53.47.130.188
175,scapper4u,Storm,Capper,scapper4u@elegantthemes.com,Male,175.99.14.6
176,asoutherns4v,Austin,Southerns,asoutherns4v@hao123.com,Female,159.94.118.51
177,twearing4w,Tracy,Wearing,twearing4w@zdnet.com,Male,61.123.26.203
178,rbahike4x,Robb,Bahike,rbahike4x@senate.gov,Male,207.22.165.139
179,lbeadell4y,Lynn,Beadell,lbeadell4y@hhs.gov,Female,196.239.28.117
180,hdodge4z,Holden,Dodge,hdodge4z@reverbnation.com,Male,13.32.148.85
181,lstonall50,Leslie,Stonall,lstonall50@free.fr,Male,138.81.206.28
182,uidwalevans51,Ursala,Idwal Evans,uidwalevans51@jalbum.net,Male,42.191.174.83
183,lblaase52,Lombard,Blaase,lblaase52@deliciousdays.com,Female,169.207.107.238
184,swestnedge53,Sally,Westnedge,swestnedge53@oakley.com,Female,228.27.113.66
185,dmeadmore54,Dorotea,Meadmore,dmeadmore54@aol.com,Male,175.209.219.226
186,jblackham55,Jodie,Blackham,jblackham55@earthlink.net,Female,246.25.6.166
187,fdron56,Foster,Dron,fdron56@barnesandnoble.com,Male,180.139.254.50
188,phamon57,Prue,Hamon,phamon57@icio.us,Female,123.137.228.207
189,cadshead58,Creigh,Adshead,cadshead58@weather.com,Male,117.180.109.168
190,mculmer59,Mignon,Culmer,mculmer59@163.com,Male,255.17.45.213
191,cpersehouse5a,Cornie,Persehouse,cpersehouse5a@state.tx.us,Male,152.35.68.40
192,splane5b,Skip,Plane,splane5b@desdev.cn,Male,16.5.9.210
193,ebilborough5c,Eben,Bilborough,ebilborough5c@techcrunch.com,Male,247.206.164.194
194,bgouldthorpe5d,Babbie,Gouldthorpe,bgouldthorpe5d@nasa.gov,Female,237.251.83.179
195,lburfield5e,Letizia,Burfield,lburfield5e@soup.io,Female,14.125.19.238
196,rducarel5f,Romona,Ducarel,rducarel5f@wordpress.com,Female,110.237.220.153
197,hbrack5g,Haslett,Brack,hbrack5g@nhs.uk,Male,221.152.181.125
198,gbohlens5h,Gal,Bohlens,gbohlens5h@tmall.com,Female,203.78.204.94
199,cloughton5i,Corissa,Loughton,cloughton5i@elegantthemes.com,Male,152.19.103.59
200,kmichel5j,Karel,Michel,kmichel5j@gravatar.com,Male,57.15.72.156
201,mpetrussi5k,Mycah,Petrussi,mpetrussi5k@dropbox.com,Male,168.61.91.151
202,hbromhead5l,Heinrick,Bromhead,hbromhead5l@yandex.ru,Male,71.226.18.65
203,mmelsome5m,Monica,Melsome,mmelsome5m@netlog.com,Female,219.224.139.23
204,kgirtin5n,Kaspar,Girtin,kgirtin5n@themeforest.net,Male,155.16.147.215
205,agabbidon5o,Addy,Gabbidon,agabbidon5o@wufoo.com,Female,111.190.194.230
206,pdorie5p,Pru,Dorie,pdorie5p@cdbaby.com,Female,147.134.23.145
207,sdufore5q,Silvie,Dufore,sdufore5q@list-manage.com,Male,14.201.152.139
208,ldinse5r,Lance,Dinse,ldinse5r@ebay.co.uk,Female,186.48.217.244
209,risland5s,Rudolf,Island,risland5s@google.com.hk,Male,37.229.124.69
210,grugg5t,Gale,Rugg,grugg5t@goodreads.com,Female,139.53.101.225
211,glindley5u,Gloriana,Lindley,glindley5u@canalblog.com,Female,65.78.122.200
212,acrumley5v,Annie,Crumley,acrumley5v@hugedomains.com,Female,212.52.228.187
213,hdemattei5w,Hollis,De Mattei,hdemattei5w@illinois.edu,Male,87.183.0.149
214,nbleesing5x,Nikolai,Bleesing,nbleesing5x@intel.com,Female,227.82.201.79
215,dinglish5y,Dorelle,Inglish,dinglish5y@thetimes.co.uk,Female,182.240.243.201
216,stesyro5z,Siana,Tesyro,stesyro5z@ebay.co.uk,Male,173.23.90.97
217,lwornham60,Lorri,Wornham,lwornham60@ca.gov,Female,231.134.121.238
218,cruddle61,Cristian,Ruddle,cruddle61@examiner.com,Female,111.75.39.118
219,dgriss62,Danni,Griss,dgriss62@weather.com,Male,244.111.125.162
220,cwahncke63,Coleen,Wahncke,cwahncke63@npr.org,Female,102.166.229.130
221,moldland64,Myrna,Oldland,moldland64@elpais.com,Male,95.56.192.78
222,jtease65,Jeanna,Tease,jtease65@upenn.edu,Female,56.224.197.216
223,morchard66,Maggy,Orchard,morchard66@parallels.com,Female,91.183.48.134
224,bbarge67,Bailey,Barge,bbarge67@pagesperso-orange.fr,Female,201.53.23.8
225,mayris68,Min,Ayris,mayris68@booking.com,Female,224.182.9.27
226,ysoall69,Yule,Soall,ysoall69@flavors.me,Female,46.156.19.189
227,sfruchter6a,Sharlene,Fruchter,sfruchter6a@go.com,Female,143.116.148.95
228,gditts6b,Geraldine,Ditts,gditts6b@mac.com,Male,205.150.16.55
229,fvalasek6c,Farah,Valasek,fvalasek6c@youtube.com,Female,141.119.136.211
230,lbelle6d,Leanna,Belle,lbelle6d@diigo.com,Female,29.242.209.217
231,esones6e,Elise,Sones,esones6e@linkedin.com,Male,45.178.128.188
232,jsloley6f,Jehu,Sloley,jsloley6f@illinois.edu,Female,215.22.212.29
233,ndrynan6g,Nataline,Drynan,ndrynan6g@google.fr,Female,42.78.248.207
234,mlupton6h,Margette,Lupton,mlupton6h@discuz.net,Male,144.208.40.178
235,nhazelgreave6i,Nathalia,Hazelgreave,nhazelgreave6i@istockphoto.com,Female,147.124.136.14
236,hozelton6j,Hanan,Ozelton,hozelton6j@gizmodo.com,Male,124.77.201.153
237,mbagnal6k,Mendy,Bagnal,mbagnal6k@alexa.com,Male,18.118.60.239
238,sloch6l,Sydelle,Loch,sloch6l@forbes.com,Female,41.27.102.10
239,bguilloud6m,Bella,Guilloud,bguilloud6m@linkedin.com,Female,143.232.8.182
240,sfavelle6n,Salomi,Favelle,sfavelle6n@list-manage.com,Female,115.51.38.67
241,himpleton6o,Harland,Impleton,himpleton6o@bloomberg.com,Male,13.44.102.178
242,aadamec6p,Allard,Adamec,aadamec6p@taobao.com,Female,183.127.241.209
243,odelmonti6q,Ortensia,Delmonti,odelmonti6q@seattletimes.com,Male,24.19.79.209
244,gfolds6r,Gunner,Folds,gfolds6r@si.edu,Male,167.62.153.85
245,asmallbone6s,Adrienne,Smallbone,asmallbone6s@nydailynews.com,Female,98.74.168.28
246,vwiltshear6t,Valentine,Wiltshear,vwiltshear6t@archive.org,Female,249.134.49.178
247,nholt6u,Neall,Holt,nholt6u@cbsnews.com,Male,111.34.159.94
248,krace6v,Karoline,Race,krace6v@state.tx.us,Female,17.104.252.109
249,igiannazzi6w,Ingamar,Giannazzi,igiannazzi6w@elpais.com,Female,164.194.4.178
250,mmattack6x,Milicent,Mattack,mmattack6x@google.com.hk,Female,240.97.30.222
251,lsoutar6y,Lincoln,Soutar,lsoutar6y@wisc.edu,Male,85.26.141.184
252,mpim6z,Maye,Pim,mpim6z@plala.or.jp,Female,237.25.128.209
253,lbyrth70,Louis,Byrth,lbyrth70@clickbank.net,Male,204.106.18.82
254,tranald71,Truda,Ranald,tranald71@ca.gov,Male,15.182.136.198
255,mbradder72,Mellisent,Bradder,mbradder72@stanford.edu,Female,140.247.190.141
256,hbraisher73,Harry,Braisher,hbraisher73@w3.org,Male,90.89.239.134
257,mdeuss74,Muffin,Deuss,mdeuss74@cargocollective.com,Female,114.60.143.211
258,ggeerdts75,Griselda,Geerdts,ggeerdts75@oracle.com,Female,133.78.7.240
259,afennessy76,Amy,Fennessy,afennessy76@fotki.com,Male,255.65.0.43
260,noffell77,Nita,Offell,noffell77@mashable.com,Female,132.235.241.2
261,hbuttle78,Herta,Buttle,hbuttle78@deliciousdays.com,Male,7.33.205.236
262,ipeltz79,Ignacius,Peltz,ipeltz79@disqus.com,Male,206.190.250.102
263,bmacsporran7a,Barnett,MacSporran,bmacsporran7a@census.gov,Female,25.149.12.101
264,fyes7b,Fawne,Yes,fyes7b@economist.com,Female,73.243.82.91
265,lrigmond7c,Lotty,Rigmond,lrigmond7c@pbs.org,Female,159.11.98.246
266,ptapscott7d,Prudy,Tapscott,ptapscott7d@nationalgeographic.com,Male,54.149.6.6
267,grideout7e,Germana,Rideout,grideout7e@imgur.com,Male,191.221.105.234
268,dseeney7f,Deeyn,Seeney,dseeney7f@youtube.com,Male,17.108.56.40
269,bkubatsch7g,Bessie,Kubatsch,bkubatsch7g@merriam-webster.com,Female,248.219.178.173
270,lbridgman7h,Leonidas,Bridgman,lbridgman7h@hexun.com,Female,122.27.229.170
271,ryouel7i,Reinaldos,Youel,ryouel7i@webs.com,Male,159.1.77.208
272,pedgley7j,Purcell,Edgley,pedgley7j@hhs.gov,Female,169.105.26.229
273,gwisam7k,Griz,Wisam,gwisam7k@technorati.com,Female,95.153.109.228
274,jlortzing7l,Jenda,Lortzing,jlortzing7l@fc2.com,Male,32.188.117.221
275,bvanbruggen7m,Burnard,Van Bruggen,bvanbruggen7m@exblog.jp,Male,154.127.89.103
276,dduesbury7n,Davidde,Duesbury,dduesbury7n@csmonitor.com,Female,173.51.250.209
277,nantunes7o,Nonah,Antunes,nantunes7o@businesswire.com,Female,54.80.172.10
278,grumsey7p,Georgette,Rumsey,grumsey7p@omniture.com,Male,114.214.249.136
279,jhoundesome7q,June,Houndesome,jhoundesome7q@google.com.br,Female,251.161.101.160
280,kgrzegorecki7r,Kristos,Grzegorecki,kgrzegorecki7r@admin.ch,Female,138.19.64.63
281,sgovenlock7s,Sashenka,Govenlock,sgovenlock7s@squarespace.com,Female,175.9.117.211
282,jgorges7t,Janek,Gorges,jgorges7t@elegantthemes.com,Female,210.131.109.61
283,tsamber7u,Trixie,Samber,tsamber7u@wikimedia.org,Female,217.103.250.19
284,mangear7v,Merle,Angear,mangear7v@pen.io,Female,215.207.176.56
285,ldovington7w,Lilah,Dovington,ldovington7w@miitbeian.gov.cn,Male,31.212.110.251
286,rtumbridge7x,Rowe,Tumbridge,rtumbridge7x@springer.com,Male,135.192.153.121
287,estanlake7y,Eberto,Stanlake,estanlake7y@npr.org,Male,87.51.129.37
288,flotherington7z,Fawnia,Lotherington,flotherington7z@skype.com,Male,26.185.77.68
289,tdoggerell80,Toiboid,Doggerell,tdoggerell80@cbsnews.com,Female,14.190.62.69
290,mhamlin81,Myrtie,Hamlin,mhamlin81@howstuffworks.com,Female,167.202.101.234
291,aallso82,Arleyne,Allso,aallso82@people.com.cn,Male,196.199.234.158
292,klowcock83,Klaus,Lowcock,klowcock83@4shared.com,Male,106.157.17.175
293,pmclarens84,Pearle,McLarens,pmclarens84@noaa.gov,Female,14.75.7.203
294,blapree85,Brady,Lapree,blapree85@i2i.jp,Male,244.35.140.241
295,ypeoples86,Yvon,Peoples,ypeoples86@prlog.org,Female,58.208.14.2
296,clayzell87,Cassondra,Layzell,clayzell87@eepurl.com,Male,209.253.73.106
297,lisaaksohn88,Lindy,Isaaksohn,lisaaksohn88@sogou.com,Male,228.78.238.203
298,mcathel89,Michal,Cathel,mcathel89@bbb.org,Female,14.211.139.172
299,egladtbach8a,Elwyn,Gladtbach,egladtbach8a@ask.com,Female,250.222.222.46
300,acasserley8b,Anatol,Casserley,acasserley8b@reverbnation.com,Male,126.198.189.236
301,fmundee8c,Fara,Mundee,fmundee8c@army.mil,Male,64.112.191.145
302,kricket8d,Kenny,Ricket,kricket8d@nyu.edu,Male,17.245.1.109
303,lmooreed8e,Leora,Mooreed,lmooreed8e@reference.com,Male,183.50.30.102
304,ccourtese8f,Cedric,Courtese,ccourtese8f@wordpress.com,Male,153.166.5.168
305,cbrumpton8g,Car,Brumpton,cbrumpton8g@mail.ru,Male,250.37.187.226
306,kstandbrooke8h,Karlis,Standbrooke,kstandbrooke8h@reuters.com,Male,90.235.2.169
307,esiggens8i,Eachelle,Siggens,esiggens8i@sina.com.cn,Male,91.34.78.239
308,bmoroney8j,Berta,Moroney,bmoroney8j@google.com,Female,135.240.117.68
309,akruszelnicki8k,Aimee,Kruszelnicki,akruszelnicki8k@newsvine.com,Male,32.68.22.201
310,gdorricott8l,Grazia,Dorricott,gdorricott8l@jimdo.com,Female,17.83.159.94
311,nginman8m,Natty,Ginman,nginman8m@arizona.edu,Male,112.152.37.41
312,ahutchin8n,Alecia,Hutchin,ahutchin8n@wordpress.com,Female,173.210.215.245
313,bgarcia8o,Bethany,Garcia,bgarcia8o@usda.gov,Male,109.52.22.15
314,vbudcock8p,Valida,Budcock,vbudcock8p@geocities.com,Female,209.196.6.124
315,aquincey8q,Alonzo,Quincey,aquincey8q@e-recht24.de,Male,216.77.196.49
316,tlegerwood8r,Thomasine,Legerwood,tlegerwood8r@booking.com,Male,246.135.99.51
317,hrodge8s,Husain,Rodge,hrodge8s@dagondesign.com,Female,246.35.39.50
318,ptansley8t,Pancho,Tansley,ptansley8t@netvibes.com,Female,25.254.195.109
319,otreagust8u,Ofella,Treagust,otreagust8u@buzzfeed.com,Male,180.28.183.178
320,mgrowy8v,Milka,Growy,mgrowy8v@barnesandnoble.com,Female,126.128.120.13
321,sbygraves8w,Stacee,Bygraves,sbygraves8w@plala.or.jp,Male,64.246.84.109
322,droom8x,Dahlia,Room,droom8x@wisc.edu,Male,146.135.97.16
323,mgerram8y,Madalena,Gerram,mgerram8y@dagondesign.com,Male,160.5.126.245
324,vhallstone8z,Vincent,Hallstone,vhallstone8z@icq.com,Male,218.127.150.113
325,kcecere90,Kristofor,Cecere,kcecere90@cdc.gov,Male,115.28.128.12
326,awhitelock91,Aliza,Whitelock,awhitelock91@sakura.ne.jp,Female,32.111.118.104
327,emayward92,Edithe,Mayward,emayward92@wisc.edu,Female,168.227.0.117
328,gpottberry93,Glynn,Pottberry,gpottberry93@miitbeian.gov.cn,Male,63.219.166.163
329,cpiggin94,Cheryl,Piggin,cpiggin94@nymag.com,Male,56.16.243.135
330,djiroudek95,Dick,Jiroudek,djiroudek95@ebay.co.uk,Male,178.93.254.141
331,ncottill96,Nikkie,Cottill,ncottill96@github.com,Female,190.65.65.41
332,gashwell97,Garey,Ashwell,gashwell97@is.gd,Female,50.22.184.10
333,tbooij98,Tillie,Booij,tbooij98@wikia.com,Male,176.168.234.164
334,jcoalburn99,Josephine,Coalburn,jcoalburn99@state.gov,Male,4.214.255.158
335,nleupoldt9a,Nicolette,Leupoldt,nleupoldt9a@unicef.org,Male,166.139.143.129
336,jeslie9b,Jasun,Eslie,jeslie9b@oracle.com,Male,161.135.67.232
337,afilippo9c,Adoree,Filippo,afilippo9c@google.nl,Female,59.226.146.62
338,dibel9d,Davine,Ibel,dibel9d@fotki.com,Male,143.75.44.7
339,erevington9e,Emmey,Revington,erevington9e@multiply.com,Female,111.141.86.196
340,rcurro9f,Ralph,Curro,rcurro9f@indiatimes.com,Male,64.208.225.146
341,amchardy9g,Ansell,McHardy,amchardy9g@telegraph.co.uk,Male,234.46.86.173
342,obramwich9h,Osgood,Bramwich,obramwich9h@yolasite.com,Male,186.12.181.151
343,slewerenz9i,Seward,Lewerenz,slewerenz9i@ustream.tv,Female,204.99.72.72
344,lbrampton9j,Lanny,Brampton,lbrampton9j@odnoklassniki.ru,Male,83.249.75.134
345,hcafferky9k,Huntlee,Cafferky,hcafferky9k@spotify.com,Female,137.242.3.38
346,asynke9l,Alleyn,Synke,asynke9l@i2i.jp,Male,132.244.144.56
347,hperocci9m,Hakeem,Perocci,hperocci9m@arizona.edu,Female,121.180.84.84
348,hhedau9n,Halsey,Hedau,hhedau9n@bigcartel.com,Female,80.43.29.144
349,hrous9o,Hank,Rous,hrous9o@wikispaces.com,Male,114.66.55.92
350,mbollands9p,Melany,Bollands,mbollands9p@globo.com,Female,67.247.51.23
351,rgreener9q,Randell,Greener,rgreener9q@macromedia.com,Female,79.148.249.136
352,bmckeon9r,Brandtr,McKeon,bmckeon9r@redcross.org,Male,189.156.64.83
353,wberrey9s,Walther,Berrey,wberrey9s@princeton.edu,Male,67.180.201.63
354,ekite9t,Elvera,Kite,ekite9t@over-blog.com,Male,157.192.181.67
355,egartin9u,Evelin,Gartin,egartin9u@barnesandnoble.com,Female,107.133.22.71
356,dantonacci9v,Devlen,Antonacci,dantonacci9v@homestead.com,Female,172.41.218.178
357,gavrahamian9w,Gay,Avrahamian,gavrahamian9w@sciencedirect.com,Female,35.145.118.61
358,ghallihan9x,Gwenette,Hallihan,ghallihan9x@japanpost.jp,Male,101.205.223.3
359,dgrooby9y,Dory,Grooby,dgrooby9y@liveinternet.ru,Female,160.173.156.182
360,egrestie9z,Edik,Grestie,egrestie9z@yahoo.co.jp,Female,7.34.51.99
361,bleysa0,Barrie,Leys,bleysa0@bing.com,Male,35.92.240.54
362,sattenbrowa1,Stormy,Attenbrow,sattenbrowa1@foxnews.com,Male,15.109.216.219
363,wpoughera2,Wain,Pougher,wpoughera2@google.com,Female,166.7.172.17
364,clettsa3,Cleavland,Letts,clettsa3@scribd.com,Male,219.41.254.123
365,ttrinemana4,Tripp,Trineman,ttrinemana4@google.es,Male,80.212.145.188
366,lcaudraya5,Leese,Caudray,lcaudraya5@seattletimes.com,Male,190.64.180.160
367,cjandla6,Carry,Jandl,cjandla6@shutterfly.com,Male,109.33.92.109
368,msprigga7,Marve,Sprigg,msprigga7@domainmarket.com,Female,88.230.238.191
369,mmabeea8,Morgen,Mabee,mmabeea8@imgur.com,Female,86.155.63.193
370,rmacnaira9,Richy,MacNair,rmacnaira9@fc2.com,Female,219.216.214.93
371,djoutapaitisaa,Dillon,Joutapaitis,djoutapaitisaa@wisc.edu,Male,10.61.37.36
372,aruusaab,Abran,Ruusa,aruusaab@example.com,Male,128.37.114.170
373,jmayellac,Jonis,Mayell,jmayellac@boston.com,Female,143.152.227.119
374,cbeartupad,Claudina,Beartup,cbeartupad@japanpost.jp,Female,68.157.209.15
375,cshewanae,Chauncey,Shewan,cshewanae@canalblog.com,Male,158.125.185.124
376,ccromptonaf,Cayla,Crompton,ccromptonaf@csmonitor.com,Male,213.253.104.201
377,ccarneag,Cheslie,Carne,ccarneag@paypal.com,Female,213.3.223.29
378,sbunstonah,Sibylle,Bunston,sbunstonah@wikispaces.com,Male,239.254.162.188
379,jandrysiakai,Janetta,Andrysiak,jandrysiakai@devhub.com,Male,190.223.25.96
380,segdalaj,Stearn,Egdal,segdalaj@merriam-webster.com,Female,156.136.159.203
381,nlystonak,Nicol,Lyston,nlystonak@unblog.fr,Female,71.9.4.181
382,nmckearnenal,Nell,McKearnen,nmckearnenal@rakuten.co.jp,Male,176.205.46.190
383,zshwennam,Zsazsa,Shwenn,zshwennam@gizmodo.com,Male,11.222.43.84
384,yruseworthan,Yoshiko,Ruseworth,yruseworthan@networkadvertising.org,Female,154.194.73.189
385,fmoodycliffeao,Fiona,Moodycliffe,fmoodycliffeao@mac.com,Male,174.230.251.103
386,hsturgisap,Hubert,Sturgis,hsturgisap@ebay.com,Female,243.15.202.136
387,dbarringeraq,Danit,Barringer,dbarringeraq@google.cn,Male,165.71.145.166
388,wbramstomar,Willamina,Bramstom,wbramstomar@netlog.com,Male,229.23.157.238
389,gsolesburyas,Garrik,Solesbury,gsolesburyas@123-reg.co.uk,Female,25.96.25.122
390,chargieat,Carroll,Hargie,chargieat@newsvine.com,Female,233.110.196.213
391,dsampeyau,Dillon,Sampey,dsampeyau@geocities.jp,Male,228.5.253.23
392,ldupoyav,Linnell,Dupoy,ldupoyav@wikipedia.org,Male,173.228.41.236
393,jblacketaw,Josie,Blacket,jblacketaw@mit.edu,Female,71.6.49.184
394,slawranceax,Shermy,Lawrance,slawranceax@ow.ly,Female,0.51.216.242
395,ahucksay,Alvinia,Hucks,ahucksay@friendfeed.com,Male,232.119.106.21
396,jsandryaz,Judy,Sandry,jsandryaz@furl.net,Male,66.104.181.152
397,leadieb0,Lambert,Eadie,leadieb0@gravatar.com,Male,100.167.36.153
398,eokynsillagheb1,Eliza,O'Kynsillaghe,eokynsillagheb1@wiley.com,Male,187.44.246.129
399,sgarbottb2,Sibella,Garbott,sgarbottb2@newyorker.com,Male,33.70.222.204
400,dmcgeraghtyb3,Drud,McGeraghty,dmcgeraghtyb3@fc2.com,Female,64.72.227.224
401,heliassonb4,Howie,Eliasson,heliassonb4@bigcartel.com,Female,159.161.63.120
402,fskyppb5,Faber,Skypp,fskyppb5@surveymonkey.com,Male,3.138.10.46
403,kingolottib6,Kip,Ingolotti,kingolottib6@desdev.cn,Female,35.175.169.173
404,gpoultneyb7,Gray,Poultney,gpoultneyb7@livejournal.com,Female,164.144.76.10
405,cvondrab8,Corty,Vondra,cvondrab8@webmd.com,Male,77.242.183.213
406,gwheaterb9,Gabbi,Wheater,gwheaterb9@shop-pro.jp,Male,124.204.84.155
407,dmendesba,Dona,Mendes,dmendesba@microsoft.com,Male,97.128.206.196
408,rjancicbb,Reyna,Jancic,rjancicbb@omniture.com,Female,23.182.8.176
409,gbertomieubc,Gilly,Bertomieu,gbertomieubc@joomla.org,Female,255.51.254.147
410,dchrystalbd,Danie,Chrystal,dchrystalbd@wiley.com,Male,222.170.89.153
411,eneubiggingbe,Essie,Neubigging,eneubiggingbe@spiegel.de,Male,225.123.206.4
412,wfrackiewiczbf,Wake,Frackiewicz,wfrackiewiczbf@intel.com,Female,204.98.176.250
413,fphilippsohnbg,Filia,Philippsohn,fphilippsohnbg@themeforest.net,Female,28.80.99.234
414,gbutchardbh,Griffie,Butchard,gbutchardbh@studiopress.com,Female,245.238.128.167
415,pfenkelbi,Peyton,Fenkel,pfenkelbi@over-blog.com,Male,96.100.176.67
416,svernabj,Solly,Verna,svernabj@state.tx.us,Female,211.130.120.110
417,kmolohanbk,Kate,Molohan,kmolohanbk@eventbrite.com,Male,79.101.191.127
418,jdeminicobl,Joann,De Minico,jdeminicobl@umn.edu,Male,242.145.108.59
419,bmcdonoughbm,Bryn,McDonough,bmcdonoughbm@moonfruit.com,Male,226.220.250.107
420,cweathersbn,Carena,Weathers,cweathersbn@g.co,Male,234.194.236.9
421,cbeardsellbo,Corinne,Beardsell,cbeardsellbo@yelp.com,Male,249.211.218.68
422,pfawbertbp,Peggi,Fawbert,pfawbertbp@cmu.edu,Female,148.123.118.144
423,mlerebq,Myrwyn,Lere,mlerebq@hp.com,Female,1.91.199.243
424,mwraggsbr,Maurise,Wraggs,mwraggsbr@yolasite.com,Male,123.218.224.23
425,bchestertonbs,Buddy,Chesterton,bchestertonbs@wikimedia.org,Male,77.6.146.61
426,ecritchleybt,Esdras,Critchley,ecritchleybt@symantec.com,Male,28.224.95.84
427,acelezbu,Allis,Celez,acelezbu@cafepress.com,Male,44.232.168.152
428,dhartebv,Drucill,Harte,dhartebv@mapy.cz,Female,100.70.44.141
429,arenadbw,Al,Renad,arenadbw@bing.com,Female,254.175.52.63
430,wbernonbx,Winifred,Bernon,wbernonbx@github.io,Female,168.90.216.13
431,tgurrby,Tiebold,Gurr,tgurrby@friendfeed.com,Male,107.170.233.151
432,vbrodeaubz,Violet,Brodeau,vbrodeaubz@irs.gov,Male,61.109.30.4
433,bdeanesyc0,Bryce,De Anesy,bdeanesyc0@indiatimes.com,Female,5.209.183.16
434,fklinerc1,Fletcher,Kliner,fklinerc1@comsenz.com,Female,5.11.128.165
435,umeesc2,Uriel,Mees,umeesc2@japanpost.jp,Male,163.157.22.144
436,edewsc3,Elnore,Dews,edewsc3@webs.com,Female,26.221.3.244
437,gvasilicc4,Gates,Vasilic,gvasilicc4@howstuffworks.com,Female,105.36.66.204
438,fkestevenc5,Felisha,Kesteven,fkestevenc5@hhs.gov,Male,154.233.97.219
439,ckezarc6,Claiborn,Kezar,ckezarc6@liveinternet.ru,Female,250.187.36.211
440,rnorthinc7,Renato,Northin,rnorthinc7@facebook.com,Female,255.32.224.205
441,lmcmylorc8,Lindsay,McMylor,lmcmylorc8@mediafire.com,Female,234.162.160.146
442,odurrellc9,Odelle,Durrell,odurrellc9@taobao.com,Female,99.47.74.102
443,fhearneca,Ford,Hearne,fhearneca@newyorker.com,Female,237.241.59.118
444,bnanicb,Bianka,Nani,bnanicb@aboutads.info,Male,104.179.19.61
445,lbrammarcc,Lara,Brammar,lbrammarcc@europa.eu,Female,161.63.56.22
446,krockhallcd,Kayne,Rockhall,krockhallcd@ucoz.com,Male,169.92.159.239
447,eclemmensce,Elias,Clemmens,eclemmensce@google.pl,Male,184.155.208.178
448,ocoxallcf,Oriana,Coxall,ocoxallcf@comsenz.com,Female,216.113.49.55
449,mfernehoughcg,Maybelle,Fernehough,mfernehoughcg@shareasale.com,Male,168.8.145.96
450,jgoorch,Julie,Goor,jgoorch@ucla.edu,Male,7.44.161.133
451,mfransonici,Margette,Fransoni,mfransonici@craigslist.org,Female,230.13.72.18
452,mcossanscj,Madel,Cossans,mcossanscj@msn.com,Female,120.80.99.200
453,jstuckeyck,Joshia,Stuckey,jstuckeyck@purevolume.com,Female,225.186.131.31
454,dclealcl,Derrek,Cleal,dclealcl@elpais.com,Female,215.194.120.123
455,gstrippelcm,Grayce,Strippel,gstrippelcm@bizjournals.com,Male,139.133.0.231
456,lwalleycn,Lynda,Walley,lwalleycn@businessweek.com,Female,190.116.235.40
457,dabramco,Dulciana,Abram,dabramco@de.vu,Male,123.26.51.45
458,cvondruskacp,Chauncey,Vondruska,cvondruskacp@tinypic.com,Female,250.208.115.178
459,wbrummellcq,Winfield,Brummell,wbrummellcq@amazon.co.uk,Male,215.222.234.141
460,sdeleacr,Selie,Delea,sdeleacr@epa.gov,Female,244.69.55.46
461,rsiderfincs,Ric,Siderfin,rsiderfincs@bbc.co.uk,Male,209.54.128.205
462,kduckelsct,Kristina,Duckels,kduckelsct@jalbum.net,Female,231.152.11.122
463,jkemwallcu,Janessa,Kemwall,jkemwallcu@howstuffworks.com,Female,207.100.61.251
464,kmcilorycv,Kora,McIlory,kmcilorycv@sbwire.com,Female,107.49.44.42
465,fivantyevcw,Frederica,Ivantyev,fivantyevcw@vinaora.com,Female,58.99.218.105
466,kbendincx,Kristos,Bendin,kbendincx@europa.eu,Female,90.159.219.228
467,gwasielacy,Gelya,Wasiela,gwasielacy@technorati.com,Male,66.97.47.148
468,rbolzencz,Rodrique,Bolzen,rbolzencz@discovery.com,Male,42.162.29.217
469,cmacmichaeld0,Chlo,MacMichael,cmacmichaeld0@paginegialle.it,Male,107.173.236.163
470,ldanslowd1,Leupold,Danslow,ldanslowd1@deliciousdays.com,Male,213.34.37.68
471,flevittd2,Fulvia,Levitt,flevittd2@census.gov,Female,9.251.90.210
472,jcomptond3,Johnny,Compton,jcomptond3@google.co.uk,Male,73.129.217.16
473,slaurantd4,Sherline,Laurant,slaurantd4@hibu.com,Male,190.252.222.55
474,jkliementd5,Julee,Kliement,jkliementd5@chicagotribune.com,Female,183.194.26.140
475,fjentetd6,Felecia,Jentet,fjentetd6@mac.com,Female,44.221.153.112
476,gdivesd7,Giraud,Dives,gdivesd7@studiopress.com,Female,198.41.176.54
477,dwalduckd8,Devon,Walduck,dwalduckd8@last.fm,Male,145.190.72.214
478,dgallehawkd9,Dasi,Gallehawk,dgallehawkd9@sogou.com,Female,134.109.43.101
479,cstolbergerda,Calv,Stolberger,cstolbergerda@salon.com,Male,96.47.86.1
480,finddb,Flossy,Ind,finddb@paypal.com,Female,238.40.59.46
481,nhuntondc,Niki,Hunton,nhuntondc@storify.com,Male,6.231.186.129
482,ogoudgedd,Onida,Goudge,ogoudgedd@europa.eu,Male,22.224.1.131
483,tlaskeyde,Thomasina,Laskey,tlaskeyde@usgs.gov,Female,168.28.230.182
484,ldanheldf,Lyndel,Danhel,ldanheldf@alexa.com,Male,0.32.176.247
485,klethbridgedg,Kellyann,Lethbridge,klethbridgedg@smugmug.com,Female,226.190.89.182
486,pkellydh,Pier,Kelly,pkellydh@ucla.edu,Male,212.213.177.102
487,llippittdi,Laurella,Lippitt,llippittdi@histats.com,Male,177.245.67.64
488,hparkhousedj,Honey,Parkhouse,hparkhousedj@live.com,Female,40.52.182.106
489,gizakovdk,Gardner,Izakov,gizakovdk@infoseek.co.jp,Female,161.29.83.113
490,msallerdl,Morrie,Saller,msallerdl@wunderground.com,Male,148.75.92.0
491,pleggisdm,Perle,Leggis,pleggisdm@mtv.com,Male,159.3.4.254
492,wmauchlendn,Waldemar,Mauchlen,wmauchlendn@moonfruit.com,Female,176.188.171.193
493,fbarnsdo,Fanya,Barns,fbarnsdo@dailymail.co.uk,Female,16.16.220.215
494,pbedburydp,Pietra,Bedbury,pbedburydp@unc.edu,Female,0.128.131.162
495,vfryerdq,Van,Fryer,vfryerdq@infoseek.co.jp,Male,102.54.139.131
496,ibiasinidr,Idette,Biasini,ibiasinidr@xinhuanet.com,Female,231.90.210.205
497,geppleds,Garfield,Epple,geppleds@cpanel.net,Male,199.175.89.223
498,dputtockdt,Dalila,Puttock,dputtockdt@washingtonpost.com,Male,69.111.57.193
499,kwaterfalldu,Kristo,Waterfall,kwaterfalldu@army.mil,Male,153.119.75.254
500,ykoresdv,Yetta,Kores,ykoresdv@japanpost.jp,Male,54.107.211.66
501,oraouxdw,Orion,Raoux,oraouxdw@irs.gov,Female,30.9.212.167
502,sbrattydx,Staford,Bratty,sbrattydx@github.io,Male,235.76.241.173
503,llohoardy,Lynn,Lohoar,llohoardy@simplemachines.org,Female,102.99.17.9
504,mcherrettdz,Marion,Cherrett,mcherrettdz@army.mil,Male,173.102.54.239
505,nkeytee0,Niko,Keyte,nkeytee0@mlb.com,Female,170.220.91.51
506,snasie1,Sasha,Nasi,snasie1@soundcloud.com,Male,81.47.97.167
507,jmosdille2,Jeremias,Mosdill,jmosdille2@freewebs.com,Male,175.57.255.189
508,eandovere3,Ernie,Andover,eandovere3@ucoz.com,Female,216.109.124.243
509,uthewlise4,Udell,Thewlis,uthewlise4@tuttocitta.it,Male,145.123.31.6
510,mmirrleese5,Maynord,Mirrlees,mmirrleese5@godaddy.com,Female,82.79.205.137
511,alimmere6,Alf,Limmer,alimmere6@home.pl,Female,17.98.49.253
512,mpearsee7,Merline,Pearse,mpearsee7@google.cn,Male,209.22.126.25
513,cwilfinge8,Carlin,Wilfing,cwilfinge8@oracle.com,Male,243.113.87.153
514,lmuckersiee9,Lexie,Muckersie,lmuckersiee9@seattletimes.com,Female,51.217.18.16
515,ndodameadea,Nickie,Dodamead,ndodameadea@zimbio.com,Male,181.58.187.81
516,smcmichaneb,Somerset,McMichan,smcmichaneb@usgs.gov,Male,121.5.117.182
517,tseelerec,Taryn,Seeler,tseelerec@thetimes.co.uk,Male,57.143.99.84
518,fjakubovitsed,Florinda,Jakubovits,fjakubovitsed@bizjournals.com,Male,10.121.12.40
519,lkilgrewee,Loraine,Kilgrew,lkilgrewee@noaa.gov,Female,66.229.156.241
520,ddoyleyef,Debra,D'Oyley,ddoyleyef@cbsnews.com,Female,35.232.5.96
521,mtobiaseg,Matilde,Tobias,mtobiaseg@liveinternet.ru,Female,180.239.36.141
522,pbradlaugheh,Paul,Bradlaugh,pbradlaugheh@harvard.edu,Male,52.244.42.150
523,heamerei,Hope,Eamer,heamerei@unc.edu,Female,104.12.137.230
524,ggiacubboej,Giuseppe,Giacubbo,ggiacubboej@xinhuanet.com,Male,35.67.17.58
525,nsyfaxek,Niccolo,Syfax,nsyfaxek@photobucket.com,Male,239.42.56.71
526,ptaylerel,Philip,Tayler,ptaylerel@cpanel.net,Female,11.199.103.85
527,nuffem,Norri,Uff,nuffem@wordpress.com,Male,145.140.234.140
528,fpreneen,Fredia,Prene,fpreneen@timesonline.co.uk,Male,213.112.33.175
529,nbramfordeo,Nonna,Bramford,nbramfordeo@alibaba.com,Male,99.29.145.105
530,akickep,Abagail,Kick,akickep@pen.io,Female,195.64.225.8
531,fdarwineq,Fraser,Darwin,fdarwineq@rakuten.co.jp,Male,235.90.165.110
532,rkesbyer,Roseann,Kesby,rkesbyer@youtube.com,Male,245.206.62.82
533,eseevioures,Ernst,Seeviour,eseevioures@wired.com,Male,107.3.37.245
534,wallflattet,Wallis,Allflatt,wallflattet@un.org,Female,146.21.155.174
535,mkerriganeu,Morse,Kerrigan,mkerriganeu@stanford.edu,Male,234.144.55.99
536,bbeurichev,Barbee,Beurich,bbeurichev@typepad.com,Male,180.239.220.23
537,cruskinew,Codi,Ruskin,cruskinew@independent.co.uk,Female,225.101.21.185
538,kconmanex,Kerwinn,Conman,kconmanex@elpais.com,Male,66.123.177.13
539,qsprostoney,Quintilla,Sproston,qsprostoney@fastcompany.com,Male,97.181.30.118
540,voenez,Vincenz,Oen,voenez@histats.com,Male,223.87.74.33
541,gstaddenf0,Grata,Stadden,gstaddenf0@chicagotribune.com,Female,15.181.37.203
542,teyersf1,Tito,Eyers,teyersf1@mail.ru,Male,28.102.130.93
543,abezantf2,Alyse,Bezant,abezantf2@acquirethisname.com,Male,77.121.187.76
544,mellsf3,Muriel,Ells,mellsf3@fda.gov,Male,117.179.1.165
545,swebbornf4,Salem,Webborn,swebbornf4@people.com.cn,Female,36.250.104.214
546,tpoundfordf5,Tiphani,Poundford,tpoundfordf5@goo.ne.jp,Female,255.227.129.187
547,pkobpaf6,Pollyanna,Kobpa,pkobpaf6@blogspot.com,Female,212.230.71.139
548,cformiglif7,Cammy,Formigli,cformiglif7@fda.gov,Male,240.37.23.148
549,ddelberguef8,Damiano,Delbergue,ddelberguef8@desdev.cn,Male,153.75.104.89
550,dkernerf9,Darci,Kerner,dkernerf9@theatlantic.com,Male,135.242.80.92
551,fbouettefa,Florry,Bouette,fbouettefa@unc.edu,Female,72.197.209.130
552,lzarfatifb,Leanor,Zarfati,lzarfatifb@oracle.com,Male,4.148.161.200
553,ateeneyfc,Andrea,Teeney,ateeneyfc@comsenz.com,Male,15.142.124.161
554,zdumingosfd,Zed,Dumingos,zdumingosfd@webmd.com,Male,100.185.20.0
555,jdelacourtfe,Judah,Delacourt,jdelacourtfe@thetimes.co.uk,Female,209.190.134.63
556,ppatrieff,Patty,Patrie,ppatrieff@twitpic.com,Male,11.147.165.67
557,rbelshamfg,Ronnie,Belsham,rbelshamfg@wikia.com,Male,115.11.25.76
558,dgouthfh,Dolley,Gouth,dgouthfh@tinyurl.com,Male,136.147.99.13
559,tbourchierfi,Thurston,Bourchier,tbourchierfi@fotki.com,Male,116.87.107.250
560,cdrysdallfj,Cristobal,Drysdall,cdrysdallfj@fotki.com,Male,233.239.255.0
561,cdefilippofk,Cull,De Filippo,cdefilippofk@auda.org.au,Female,207.48.113.64
562,aanthonsenfl,Adolpho,Anthonsen,aanthonsenfl@dmoz.org,Male,220.196.222.224
563,abenittifm,Alicia,Benitti,abenittifm@washingtonpost.com,Male,44.44.104.178
564,sbunnerfn,Sigismundo,Bunner,sbunnerfn@google.co.jp,Male,70.100.178.35
565,lbeekmanfo,Lazare,Beekman,lbeekmanfo@arstechnica.com,Male,108.51.76.122
566,mbohlingolsenfp,Marwin,BoHlingolsen,mbohlingolsenfp@php.net,Female,27.211.73.136
567,emarchingtonfq,Ezekiel,Marchington,emarchingtonfq@kickstarter.com,Female,243.77.91.148
568,cpallyfr,Chris,Pally,cpallyfr@oracle.com,Male,68.195.162.74
569,rdodgshonfs,Rochelle,Dodgshon,rdodgshonfs@irs.gov,Male,65.97.194.174
570,jpesicft,Jyoti,Pesic,jpesicft@parallels.com,Female,203.240.94.248
571,wdooherfu,Wilone,Dooher,wdooherfu@fda.gov,Male,140.31.61.235
572,mfrangletonfv,Marty,Frangleton,mfrangletonfv@joomla.org,Male,124.22.107.172
573,cmchalefw,Carlee,McHale,cmchalefw@nsw.gov.au,Female,142.64.165.135
574,abelleefx,Aryn,Bellee,abelleefx@google.com,Female,172.226.84.244
575,ttalesfy,Tally,Tales,ttalesfy@webnode.com,Female,168.56.7.146
576,dburhillfz,Dominik,Burhill,dburhillfz@unesco.org,Male,105.1.10.100
577,gbreederg0,Gerladina,Breeder,gbreederg0@163.com,Male,228.55.89.64
578,adampg1,Aurlie,Damp,adampg1@com.com,Female,4.238.203.218
579,cnockallsg2,Caspar,Nockalls,cnockallsg2@nps.gov,Male,30.207.155.133
580,epetrenkog3,Ellynn,Petrenko,epetrenkog3@godaddy.com,Male,69.161.238.75
581,planphereg4,Paco,Lanphere,planphereg4@ucoz.com,Female,151.36.93.169
582,epurselowg5,Edmund,Purselow,epurselowg5@wordpress.com,Male,173.95.6.175
583,jsabieg6,Jonathon,Sabie,jsabieg6@shareasale.com,Female,172.90.75.41
584,nleyburng7,Nicolais,Leyburn,nleyburng7@opera.com,Male,11.106.115.12
585,mlanfereg8,Martha,Lanfere,mlanfereg8@harvard.edu,Male,171.12.174.34
586,owoodhamsg9,Opalina,Woodhams,owoodhamsg9@sogou.com,Female,66.31.133.162
587,lkeelega,Lacee,Keele,lkeelega@merriam-webster.com,Male,8.152.124.17
588,lantonichgb,Lilli,Antonich,lantonichgb@usatoday.com,Female,247.6.34.234
589,tsloleygc,Terry,Sloley,tsloleygc@netscape.com,Female,227.89.166.4
590,bwitherspoongd,Brynna,Witherspoon,bwitherspoongd@bbc.co.uk,Female,248.53.167.133
591,oetuckge,Olympie,Etuck,oetuckge@163.com,Female,156.141.79.217
592,ssibbsgf,Sibyl,Sibbs,ssibbsgf@zdnet.com,Male,74.151.7.234
593,lrobertuccigg,Lexi,Robertucci,lrobertuccigg@msu.edu,Male,119.197.138.214
594,ggrantgh,Gabe,Grant,ggrantgh@ovh.net,Female,198.101.195.134
595,ssellsgi,Shelton,Sells,ssellsgi@1688.com,Male,97.225.112.53
596,kglasgowgj,Kyle,Glasgow,kglasgowgj@microsoft.com,Male,125.26.59.148
597,mfardogk,Merrili,Fardo,mfardogk@example.com,Male,199.73.157.234
598,divashinnikovgl,Dun,Ivashinnikov,divashinnikovgl@reuters.com,Male,181.116.162.95
599,canstiegm,Celle,Anstie,canstiegm@tamu.edu,Female,216.5.161.150
600,mferrongn,Miranda,Ferron,mferrongn@example.com,Male,55.229.77.59
601,fliebgo,Faye,Lieb,fliebgo@jigsy.com,Male,47.162.51.221
602,esommerfeldgp,Elonore,Sommerfeld,esommerfeldgp@friendfeed.com,Female,65.218.189.186
603,dsesonsgq,Deni,Sesons,dsesonsgq@wisc.edu,Female,62.95.226.140
604,bhakeygr,Brady,Hakey,bhakeygr@house.gov,Female,236.178.79.84
605,gcodygs,Glynn,Cody,gcodygs@netlog.com,Female,215.206.130.70
606,bbeeresgt,Binnie,Beeres,bbeeresgt@pinterest.com,Female,120.106.205.56
607,cnouchgu,Chrissie,Nouch,cnouchgu@people.com.cn,Female,70.4.220.192
608,eealamgv,Edwina,Ealam,eealamgv@cam.ac.uk,Female,18.164.181.242
609,lhaffordgw,Lalo,Hafford,lhaffordgw@imgur.com,Male,213.35.17.10
610,cjarmyngx,Corly,Jarmyn,cjarmyngx@wikimedia.org,Female,3.115.79.215
611,mmillardgy,Marcille,Millard,mmillardgy@seattletimes.com,Female,254.113.57.200
612,mframegz,Margareta,Frame,mframegz@huffingtonpost.com,Female,218.30.233.7
613,lcastanh0,Livia,Castan,lcastanh0@sun.com,Male,123.198.39.103
614,achateauh1,Anallise,Chateau,achateauh1@studiopress.com,Female,108.55.39.52
615,hlazareh2,Hugo,Lazare,hlazareh2@dagondesign.com,Male,133.5.219.112
616,omacdougalh3,Oona,MacDougal,omacdougalh3@jiathis.com,Female,51.199.26.88
617,gdanielloh4,Gussy,Daniello,gdanielloh4@sbwire.com,Female,210.154.221.146
618,mduggaryh5,Munmro,Duggary,mduggaryh5@newyorker.com,Male,209.199.151.208
619,stretterh6,Sioux,Tretter,stretterh6@tinypic.com,Female,69.233.5.60
620,rskoneh7,Reine,Skone,rskoneh7@nationalgeographic.com,Male,160.212.62.127
621,rbrackenburyh8,Rosmunda,Brackenbury,rbrackenburyh8@wp.com,Male,89.198.229.107
622,biashvilih9,Benedetto,Iashvili,biashvilih9@cargocollective.com,Female,29.183.110.75
623,vbetterissha,Vern,Betteriss,vbetterissha@chicagotribune.com,Female,102.19.104.138
624,yjollyhb,Ynes,Jolly,yjollyhb@sina.com.cn,Female,181.73.220.108
625,adifilippohc,Alvera,Di Filippo,adifilippohc@google.com,Male,121.104.35.140
626,zrooteshd,Zonnya,Rootes,zrooteshd@behance.net,Male,21.85.108.12
627,gbatissehe,Grover,Batisse,gbatissehe@dagondesign.com,Male,26.145.27.80
628,gmairhf,Gaven,Mair,gmairhf@whitehouse.gov,Female,164.85.80.18
629,geamerhg,Gates,Eamer,geamerhg@nature.com,Male,30.223.88.211
630,ritzkovicihh,Riley,Itzkovici,ritzkovicihh@slashdot.org,Male,31.7.112.150
631,amarkhi,Angela,Mark,amarkhi@prnewswire.com,Female,117.100.108.92
632,dgindghillhj,Dee,Gindghill,dgindghillhj@wsj.com,Male,33.167.142.231
633,ehartleshk,Evelin,Hartles,ehartleshk@vkontakte.ru,Male,6.170.191.182
634,dgasperihl,Dennie,Gasperi,dgasperihl@opera.com,Female,115.89.157.63
635,rcottierhm,Richmond,Cottier,rcottierhm@blinklist.com,Male,63.45.228.22
636,smccreahn,Siouxie,McCrea,smccreahn@wiley.com,Male,235.157.13.17
637,dhanscomho,Dacey,Hanscom,dhanscomho@techcrunch.com,Female,107.165.73.164
638,tgarcihp,Thekla,Garci,tgarcihp@berkeley.edu,Male,250.154.203.225
639,bnouchhq,Barri,Nouch,bnouchhq@prweb.com,Female,62.125.238.215
640,ieimhr,Issie,Eim,ieimhr@techcrunch.com,Female,228.116.171.109
641,sboolehs,Sol,Boole,sboolehs@ft.com,Male,35.157.191.189
642,jchantillonht,Jorrie,Chantillon,jchantillonht@japanpost.jp,Female,109.141.135.112
643,mmaccheynehu,Meir,MacCheyne,mmaccheynehu@livejournal.com,Female,12.206.235.31
644,bastleyhv,Binnie,Astley,bastleyhv@gov.uk,Male,244.81.228.164
645,kcattermoulhw,Keslie,Cattermoul,kcattermoulhw@comsenz.com,Male,227.71.56.184
646,kvigurshx,Keriann,Vigurs,kvigurshx@addthis.com,Male,20.222.255.154
647,imellandhy,Irwinn,Melland,imellandhy@chicagotribune.com,Female,58.230.164.214
648,hheinonenhz,Hetty,Heinonen,hheinonenhz@lulu.com,Male,60.197.204.97
649,tchallinori0,Tamma,Challinor,tchallinori0@blogtalkradio.com,Male,110.43.246.102
650,wprimetti1,Winthrop,Primett,wprimetti1@1688.com,Female,54.57.175.108
651,mdawidowitschi2,Monika,Dawidowitsch,mdawidowitschi2@nifty.com,Female,16.91.71.155
652,mmeadowcrofti3,Markos,Meadowcroft,mmeadowcrofti3@exblog.jp,Male,110.172.153.202
653,ioaklyi4,Idalia,Oakly,ioaklyi4@vistaprint.com,Female,231.67.159.17
654,cattoei5,Curtice,Attoe,cattoei5@networksolutions.com,Female,61.160.152.2
655,jkitchingmani6,Jacenta,Kitchingman,jkitchingmani6@wikia.com,Male,48.117.37.239
656,teagleshami7,Thaddeus,Eaglesham,teagleshami7@disqus.com,Male,153.66.98.240
657,jbewleyi8,Jarad,Bewley,jbewleyi8@shop-pro.jp,Male,192.213.249.205
658,nlavricki9,Nicolina,Lavrick,nlavricki9@alibaba.com,Female,228.126.22.255
659,sdericotia,Saxe,Dericot,sdericotia@homestead.com,Female,15.225.209.170
660,fstockellib,Fields,Stockell,fstockellib@noaa.gov,Female,179.181.173.218
661,kgookeyic,Keelia,Gookey,kgookeyic@freewebs.com,Male,126.48.206.93
662,gcattonid,Gladys,Catton,gcattonid@webeden.co.uk,Male,70.162.97.121
663,dberthomieuie,Dyann,Berthomieu,dberthomieuie@dyndns.org,Male,71.47.137.89
664,mroomeif,Marie-jeanne,Roome,mroomeif@list-manage.com,Male,244.244.214.24
665,shalletig,Sarina,Hallet,shalletig@blog.com,Female,250.21.61.164
666,jtiffanyih,Joellen,Tiffany,jtiffanyih@unesco.org,Male,251.214.130.70
667,bcovottiii,Barron,Covotti,bcovottiii@pagesperso-orange.fr,Female,229.97.222.14
668,rdipietroij,Roderic,Di Pietro,rdipietroij@oaic.gov.au,Male,16.18.143.191
669,ccutbushik,Cyndi,Cutbush,ccutbushik@mediafire.com,Male,85.68.32.233
670,oiliffil,Othello,Iliff,oiliffil@hp.com,Male,66.178.153.140
671,iferrolliim,Ives,Ferrolli,iferrolliim@odnoklassniki.ru,Male,71.185.155.45
672,yrennebeckin,Yelena,Rennebeck,yrennebeckin@google.it,Female,15.63.182.178
673,sduesberryio,Sybyl,Duesberry,sduesberryio@exblog.jp,Female,208.76.77.26
674,wsnarrip,Waneta,Snarr,wsnarrip@hugedomains.com,Male,217.193.185.240
675,gkillbeyiq,Geneva,Killbey,gkillbeyiq@berkeley.edu,Male,5.252.202.138
676,nmilthorpeir,Nerty,Milthorpe,nmilthorpeir@cmu.edu,Male,159.71.87.123
677,rpetois,Rafaello,Peto,rpetois@answers.com,Female,42.161.143.46
678,pcheverellit,Pippy,Cheverell,pcheverellit@mozilla.org,Male,104.40.119.196
679,gkroppiu,Gus,Kropp,gkroppiu@dagondesign.com,Male,44.160.84.137
680,cpagelseniv,Carry,Pagelsen,cpagelseniv@google.com.br,Male,147.37.170.89
681,emccorleyiw,Eveleen,McCorley,emccorleyiw@cam.ac.uk,Female,135.56.174.138
682,vgrigolashvillix,Virgie,Grigolashvill,vgrigolashvillix@google.ca,Female,114.144.13.149
683,adeavenelliy,Andeee,De Avenell,adeavenelliy@buzzfeed.com,Female,40.201.53.238
684,rseivwrightiz,Robby,Seivwright,rseivwrightiz@ucoz.ru,Female,77.62.244.61
685,lplewrightj0,Laurie,Plewright,lplewrightj0@diigo.com,Female,90.190.50.18
686,igrinnikovj1,Ingemar,Grinnikov,igrinnikovj1@bing.com,Female,84.68.30.175
687,gfouracrej2,Gilles,Fouracre,gfouracrej2@ted.com,Male,155.153.190.141
688,acurlessj3,Ardeen,Curless,acurlessj3@independent.co.uk,Female,112.140.195.42
689,kfullardj4,Kristofer,Fullard,kfullardj4@mit.edu,Female,250.228.238.143
690,ctomblingsj5,Clifford,Tomblings,ctomblingsj5@wordpress.com,Female,59.188.86.162
691,gbambrughj6,Griz,Bambrugh,gbambrughj6@gov.uk,Male,122.79.143.148
692,dgoffj7,Deana,Goff,dgoffj7@netvibes.com,Male,213.169.8.237
693,jainsleej8,Jewel,Ainslee,jainsleej8@geocities.com,Male,142.13.151.20
694,dbortolettij9,Demott,Bortoletti,dbortolettij9@shop-pro.jp,Female,216.113.225.129
695,kranshawja,Kriste,Ranshaw,kranshawja@tmall.com,Female,146.42.128.121
696,lfontanetjb,Ludvig,Fontanet,lfontanetjb@google.cn,Female,128.13.75.102
697,heakinsjc,Haywood,Eakins,heakinsjc@liveinternet.ru,Female,40.132.223.35
698,rtirejd,Renee,Tire,rtirejd@hubpages.com,Male,162.129.227.64
699,dmeddje,Darleen,Medd,dmeddje@wsj.com,Male,46.42.228.48
700,randrasjf,Reade,Andras,randrasjf@ow.ly,Male,58.202.182.200
701,awelbeckjg,Ardys,Welbeck,awelbeckjg@purevolume.com,Male,58.31.114.176
702,mgeachjh,Mallorie,Geach,mgeachjh@soup.io,Female,58.67.107.141
703,griccettiji,Gearalt,Riccetti,griccettiji@devhub.com,Male,103.144.148.13
704,godelljj,Gunar,O'dell,godelljj@newsvine.com,Male,223.154.91.89
705,edawdaryjk,Eada,Dawdary,edawdaryjk@google.com.br,Male,237.41.47.139
706,kwatmanjl,Kimbra,Watman,kwatmanjl@over-blog.com,Female,108.250.0.148
707,dculleyjm,Dewey,Culley,dculleyjm@ameblo.jp,Female,123.143.197.37
708,mmenauteaujn,Muire,Menauteau,mmenauteaujn@cmu.edu,Female,163.88.193.226
709,jjobernejo,Janelle,Joberne,jjobernejo@unicef.org,Female,98.235.173.74
710,sbonafantjp,Sheelah,Bonafant,sbonafantjp@pcworld.com,Female,22.224.140.14
711,jtallowinjq,Jodee,Tallowin,jtallowinjq@cdc.gov,Female,214.202.40.103
712,mtriponyjr,Merralee,Tripony,mtriponyjr@google.de,Female,247.14.13.232
713,ahaimesjs,Abigale,Haimes,ahaimesjs@etsy.com,Female,186.81.62.32
714,amcandrewjt,Ariadne,Mc Andrew,amcandrewjt@miibeian.gov.cn,Female,176.193.245.161
715,blarkinju,Benny,Larkin,blarkinju@imageshack.us,Male,95.176.100.72
716,jkubatjv,Jocelyn,Kubat,jkubatjv@pcworld.com,Male,86.3.163.199
717,kgreenleyjw,Kingston,Greenley,kgreenleyjw@vimeo.com,Female,139.242.95.218
718,bgajewskijx,Batsheva,Gajewski,bgajewskijx@homestead.com,Male,108.48.93.75
719,pcuardalljy,Powell,Cuardall,pcuardalljy@craigslist.org,Female,125.240.38.177
720,mwarnejz,Mavra,Warne,mwarnejz@pinterest.com,Male,179.46.211.117
721,aformillik0,Angy,Formilli,aformillik0@arizona.edu,Female,86.128.173.160
722,csantusk1,Chet,Santus,csantusk1@microsoft.com,Male,119.46.145.107
723,hsperrettk2,Heddi,Sperrett,hsperrettk2@behance.net,Male,218.64.198.16
724,jclarricoatesk3,Justin,Clarricoates,jclarricoatesk3@yandex.ru,Female,88.32.45.204
725,jfredsonk4,Janith,Fredson,jfredsonk4@imdb.com,Female,147.219.81.53
726,gboarderk5,Giovanni,Boarder,gboarderk5@bloomberg.com,Male,82.62.228.78
727,lmckellark6,Lydie,McKellar,lmckellark6@pbs.org,Male,91.71.141.215
728,mmorphewk7,Marie-jeanne,Morphew,mmorphewk7@auda.org.au,Male,85.186.42.93
729,gverrallsk8,Goldi,Verralls,gverrallsk8@furl.net,Female,7.101.244.69
730,blambellk9,Barry,Lambell,blambellk9@etsy.com,Male,11.222.89.198
731,squickfallka,Shannah,Quickfall,squickfallka@macromedia.com,Female,85.56.138.16
732,oholdkb,Ogden,Hold,oholdkb@skype.com,Male,101.189.86.83
733,wwybrewkc,Waldemar,Wybrew,wwybrewkc@pagesperso-orange.fr,Male,186.72.237.82
734,hkellerkd,Herbie,Keller,hkellerkd@house.gov,Male,242.139.149.167
735,fplewrightke,Ferguson,Plewright,fplewrightke@usa.gov,Male,140.96.4.60
736,feustonkf,Frants,Euston,feustonkf@deliciousdays.com,Male,25.221.112.76
737,bpayzekg,Bernie,Payze,bpayzekg@economist.com,Female,45.233.225.14
738,wchadwickkh,Wallie,Chadwick,wchadwickkh@dion.ne.jp,Female,227.240.81.145
739,mjurschki,Maia,Jursch,mjurschki@4shared.com,Male,221.21.190.177
740,qstoppkj,Quentin,Stopp,qstoppkj@typepad.com,Male,148.252.70.9
741,rmcivorkk,Renault,McIvor,rmcivorkk@huffingtonpost.com,Female,71.127.159.136
742,sduchankl,Shurlock,Duchan,sduchankl@statcounter.com,Female,80.119.26.121
743,rlinskillkm,Ruben,Linskill,rlinskillkm@dyndns.org,Male,136.169.32.8
744,glechmerekn,Glynnis,Lechmere,glechmerekn@dell.com,Male,25.215.182.57
745,fbrownsillko,Fayth,Brownsill,fbrownsillko@paypal.com,Female,20.243.182.184
746,nqueripelkp,Nike,Queripel,nqueripelkp@xing.com,Male,126.226.55.136
747,gcraikerkq,Grace,Craiker,gcraikerkq@ihg.com,Male,81.211.60.207
748,dsantuskr,Davie,Santus,dsantuskr@chronoengine.com,Male,214.102.138.32
749,rpestellks,Rafa,Pestell,rpestellks@typepad.com,Female,123.21.94.197
750,imumkt,Isis,Mum,imumkt@bloglovin.com,Male,128.169.83.112
751,lratleyku,Leonie,Ratley,lratleyku@tuttocitta.it,Female,180.154.113.71
752,bmccaghankv,Becka,Mc Caghan,bmccaghankv@livejournal.com,Male,56.231.60.96
753,eshowtekw,Ermengarde,Showte,eshowtekw@fc2.com,Male,253.1.253.41
754,nrimbaultkx,Noreen,Rimbault,nrimbaultkx@upenn.edu,Male,36.97.4.70
755,mabellky,Malena,Abell,mabellky@squarespace.com,Male,203.162.44.14
756,aalebrookekz,Ambrosius,Alebrooke,aalebrookekz@instagram.com,Female,88.80.162.230
757,abrowerl0,Avrom,Brower,abrowerl0@diigo.com,Female,8.93.240.45
758,vviegasl1,Virginie,Viegas,vviegasl1@walmart.com,Female,71.108.71.124
759,tboatwrightl2,Thorin,Boatwright,tboatwrightl2@adobe.com,Female,253.45.199.218
760,bhutchinsonl3,Barret,Hutchinson,bhutchinsonl3@goo.gl,Female,237.228.159.123
761,nstonemanl4,Nikolai,Stoneman,nstonemanl4@sfgate.com,Male,42.207.19.197
762,zcaesarl5,Zacharie,Caesar,zcaesarl5@washington.edu,Female,35.251.115.11
763,bpechacekl6,Bell,Pechacek,bpechacekl6@cloudflare.com,Female,171.40.246.147
764,kviviansl7,Keen,Vivians,kviviansl7@whitehouse.gov,Male,88.248.234.118
765,cdarnboroughl8,Celie,Darnborough,cdarnboroughl8@weebly.com,Female,254.152.119.118
766,childrewl9,Carlin,Hildrew,childrewl9@goo.ne.jp,Female,96.220.174.106
767,bgrassla,Berry,Grass,bgrassla@fda.gov,Male,14.173.13.184
768,ltoftlb,Lauretta,Toft,ltoftlb@blogspot.com,Female,133.148.214.32
769,cchestnuttlc,Chastity,Chestnutt,cchestnuttlc@sakura.ne.jp,Male,105.147.80.79
770,ndevonishld,Norbert,Devonish,ndevonishld@webeden.co.uk,Female,151.184.146.158
771,ghulsele,Gran,Hulse,ghulsele@instagram.com,Male,122.134.57.32
772,rlattkalf,Rourke,Lattka,rlattkalf@tripadvisor.com,Male,0.47.189.49
773,gangelilg,Gisella,Angeli,gangelilg@jigsy.com,Female,144.70.155.212
774,bgiroldolh,Burl,Giroldo,bgiroldolh@sina.com.cn,Male,131.157.201.6
775,sellistonli,Stormi,Elliston,sellistonli@delicious.com,Female,116.63.145.87
776,ktriebnerlj,Kirstyn,Triebner,ktriebnerlj@pagesperso-orange.fr,Male,221.36.65.25
777,elambardlk,Eleen,Lambard,elambardlk@umich.edu,Female,98.228.139.64
778,lingoldll,Lydie,Ingold,lingoldll@newsvine.com,Male,159.224.132.195
779,haskinlm,Hanson,Askin,haskinlm@tinypic.com,Female,191.159.67.135
780,cgilstonln,Cello,Gilston,cgilstonln@narod.ru,Male,250.24.93.26
781,jclearslo,Joelle,Clears,jclearslo@histats.com,Male,120.251.71.250
782,ccolafatelp,Connor,Colafate,ccolafatelp@amazon.de,Male,12.225.35.114
783,fstorrocklq,Filbert,Storrock,fstorrocklq@opensource.org,Male,121.218.237.53
784,lshewringlr,Leigha,Shewring,lshewringlr@istockphoto.com,Male,136.219.122.119
785,vpadwickls,Vivia,Padwick,vpadwickls@unesco.org,Female,42.10.191.240
786,sdonaldsonlt,Shanon,Donaldson,sdonaldsonlt@netscape.com,Male,16.208.15.149
787,elamputtlu,Eda,Lamputt,elamputtlu@jiathis.com,Male,62.180.9.37
788,darlettlv,Dex,Arlett,darlettlv@blogtalkradio.com,Male,67.54.239.198
789,dappletonlw,Dredi,Appleton,dappletonlw@free.fr,Male,73.189.140.183
790,pgoundrylx,Patrizia,Goundry,pgoundrylx@dyndns.org,Male,196.19.245.109
791,bsollarsly,Boycie,Sollars,bsollarsly@abc.net.au,Female,221.166.240.55
792,fspurdonlz,Fulvia,Spurdon,fspurdonlz@cnbc.com,Male,233.107.100.245
793,rferrimanm0,Royce,Ferriman,rferrimanm0@prnewswire.com,Female,155.94.105.124
794,pedmundm1,Paton,Edmund,pedmundm1@google.de,Female,24.155.171.29
795,sfenkelm2,Saidee,Fenkel,sfenkelm2@nbcnews.com,Male,77.14.7.215
796,dbruhkem3,Domini,Bruhke,dbruhkem3@artisteer.com,Female,213.101.128.232
797,jjenickem4,Jaime,Jenicke,jjenickem4@constantcontact.com,Female,175.17.35.55
798,jspinozzim5,Judye,Spinozzi,jspinozzim5@paypal.com,Female,88.206.174.165
799,wpaolicchim6,Wendy,Paolicchi,wpaolicchim6@squarespace.com,Female,132.201.112.198
800,dgrogm7,Dall,Grog,dgrogm7@reference.com,Male,81.98.85.241
801,rcawleym8,Rees,Cawley,rcawleym8@cdbaby.com,Female,37.240.59.67
802,dmebesm9,Dawna,Mebes,dmebesm9@hatena.ne.jp,Female,148.127.124.246
803,cbilliardma,Corry,Billiard,cbilliardma@surveymonkey.com,Female,47.173.176.206
804,fgidleymb,Florinda,Gidley,fgidleymb@free.fr,Male,64.131.146.185
805,jbeadesmc,Joleen,Beades,jbeadesmc@wikispaces.com,Female,76.217.114.89
806,smckibbinmd,Shelby,McKibbin,smckibbinmd@macromedia.com,Female,244.122.10.158
807,zfryettme,Zackariah,Fryett,zfryettme@g.co,Female,54.122.164.157
808,cvanderlindemf,Calv,Van der Linde,cvanderlindemf@yellowpages.com,Female,238.211.134.69
809,swillardmg,See,Willard,swillardmg@yolasite.com,Female,64.146.123.113
810,mrozmh,Maryl,Roz,mrozmh@t-online.de,Female,202.241.206.169
811,gkaesmansmi,Gaylor,Kaesmans,gkaesmansmi@house.gov,Male,231.245.201.36
812,dberringermj,Daveen,Berringer,dberringermj@cisco.com,Female,57.201.166.250
813,dwhittekmk,Darya,Whittek,dwhittekmk@theglobeandmail.com,Female,187.255.71.59
814,wsandisonml,Wilona,Sandison,wsandisonml@sitemeter.com,Male,49.223.4.54
815,sgladermm,Sandra,Glader,sgladermm@ask.com,Male,208.113.102.136
816,daspymn,Darb,Aspy,daspymn@sourceforge.net,Male,45.141.127.36
817,tbuntonmo,Tabitha,Bunton,tbuntonmo@dion.ne.jp,Female,123.219.135.167
818,mbaszniakmp,Madeline,Baszniak,mbaszniakmp@businessweek.com,Male,26.119.35.170
819,sbullmq,Sigrid,Bull,sbullmq@japanpost.jp,Male,255.47.124.225
820,jcoombermr,Jozef,Coomber,jcoombermr@parallels.com,Male,233.11.182.168
821,ifearems,Isabel,Feare,ifearems@theatlantic.com,Male,148.31.63.144
822,rthroughtonmt,Reggie,Throughton,rthroughtonmt@hatena.ne.jp,Male,99.85.50.242
823,hpalinmu,Humbert,Palin,hpalinmu@cocolog-nifty.com,Female,96.118.248.15
824,rphantmv,Rupert,Phant,rphantmv@woothemes.com,Male,106.214.46.183
825,pspringthorpemw,Puff,Springthorpe,pspringthorpemw@plala.or.jp,Male,228.125.89.242
826,akeggmx,Alain,Kegg,akeggmx@zimbio.com,Female,110.209.70.29
827,gsumersmy,Genia,Sumers,gsumersmy@clickbank.net,Female,134.253.70.2
828,amidghallmz,Alessandra,Midghall,amidghallmz@domainmarket.com,Female,68.199.105.22
829,ballgoodn0,Bentley,Allgood,ballgoodn0@homestead.com,Male,114.77.3.44
830,lprattenn1,Leeanne,Pratten,lprattenn1@usgs.gov,Female,36.104.191.221
831,scastiellon2,Samuel,Castiello,scastiellon2@statcounter.com,Female,23.207.162.8
832,cainscoughn3,Cort,Ainscough,cainscoughn3@wordpress.com,Male,59.3.90.140
833,ehouchinn4,Ernesta,Houchin,ehouchinn4@tmall.com,Female,79.125.180.58
834,bdecarolisn5,Beth,De Carolis,bdecarolisn5@zdnet.com,Female,124.60.205.255
835,bmanueln6,Britni,Manuel,bmanueln6@ameblo.jp,Male,213.74.255.170
836,aneggrinin7,Alvera,Neggrini,aneggrinin7@friendfeed.com,Male,176.240.241.243
837,atilliardsn8,Angil,Tilliards,atilliardsn8@privacy.gov.au,Male,196.147.141.76
838,cmozzin9,Caritta,Mozzi,cmozzin9@europa.eu,Female,98.177.86.31
839,folleyna,Frants,Olley,folleyna@cnn.com,Female,177.58.247.98
840,klevingenb,Kimble,Levinge,klevingenb@mlb.com,Male,195.160.238.44
841,mzanettonc,Maurizia,Zanetto,mzanettonc@deviantart.com,Female,34.133.11.53
842,ahasnneynd,Andras,Hasnney,ahasnneynd@posterous.com,Female,255.106.0.72
843,plauritsenne,Paulo,Lauritsen,plauritsenne@youku.com,Female,205.14.117.142
844,acelliernf,Adelice,Cellier,acelliernf@so-net.ne.jp,Female,219.32.148.167
845,apellewng,Aggy,Pellew,apellewng@mtv.com,Female,161.66.55.18
846,mglenfieldnh,Mahmud,Glenfield,mglenfieldnh@opera.com,Male,186.171.129.115
847,oeschaletteni,Orelee,Eschalette,oeschaletteni@bloglines.com,Female,203.75.181.250
848,aechalienj,Ash,Echalie,aechalienj@un.org,Female,149.98.147.232
849,dcherrisonnk,Delly,Cherrison,dcherrisonnk@odnoklassniki.ru,Male,249.22.117.172
850,hessbergernl,Haily,Essberger,hessbergernl@zimbio.com,Male,225.242.55.146
851,rcrootnm,Ranique,Croot,rcrootnm@yellowbook.com,Female,48.107.180.253
852,jwyburnnn,Josi,Wyburn,jwyburnnn@moonfruit.com,Male,21.12.246.151
853,mdedomenicono,Maribelle,De Domenico,mdedomenicono@nyu.edu,Male,210.84.91.35
854,sgregorionp,Shina,Gregorio,sgregorionp@telegraph.co.uk,Female,108.1.99.72
855,kfeatherstonhaughnq,Klement,Featherstonhaugh,kfeatherstonhaughnq@un.org,Male,245.51.187.27
856,cairdrienr,Cosimo,Airdrie,cairdrienr@youtu.be,Male,224.7.2.50
857,rickovitsns,Reagan,Ickovits,rickovitsns@mozilla.com,Female,131.223.2.193
858,ftripeannt,Fabiano,Tripean,ftripeannt@baidu.com,Male,244.236.117.204
859,sfergusonnu,Sisely,Ferguson,sfergusonnu@mediafire.com,Male,79.80.147.208
860,bascroftnv,Bald,Ascroft,bascroftnv@sphinn.com,Female,241.11.44.152
861,wocurranenw,Web,O'Currane,wocurranenw@studiopress.com,Female,31.187.61.46
862,gmeanwellnx,Gherardo,Meanwell,gmeanwellnx@sourceforge.net,Male,176.249.117.236
863,llongny,Linnet,Long,llongny@sun.com,Female,148.167.215.20
864,msuttellnz,Myrvyn,Suttell,msuttellnz@jigsy.com,Female,145.94.125.29
865,ripgraveo0,Rickey,Ipgrave,ripgraveo0@discovery.com,Male,59.240.185.150
866,sforto1,Sibley,Fort,sforto1@tumblr.com,Male,28.226.86.127
867,fmccumskayo2,Fran,McCumskay,fmccumskayo2@1688.com,Female,227.227.160.185
868,cdemitriso3,Cymbre,De Mitris,cdemitriso3@jugem.jp,Male,213.138.102.37
869,aluckhursto4,Ali,Luckhurst,aluckhursto4@yolasite.com,Male,232.116.153.96
870,gfulkero5,Gradey,Fulker,gfulkero5@marriott.com,Female,204.241.84.54
871,pgobyo6,Prisca,Goby,pgobyo6@earthlink.net,Female,186.171.235.65
872,tkirscheo7,Trina,Kirsche,tkirscheo7@comcast.net,Male,35.157.122.44
873,talwayo8,Trix,Alway,talwayo8@java.com,Male,118.113.72.155
874,salpeo9,Sayers,Alpe,salpeo9@woothemes.com,Male,32.8.65.100
875,sdenmeadoa,Shirley,Denmead,sdenmeadoa@vinaora.com,Male,118.197.16.55
876,afoucardob,Agneta,Foucard,afoucardob@yolasite.com,Female,222.169.168.196
877,abulloc,Agnesse,Bull,abulloc@state.tx.us,Male,161.90.238.153
878,cdawidowiczod,Carlee,Dawidowicz,cdawidowiczod@harvard.edu,Female,214.236.163.85
879,adelazenneoe,Anthony,De la Zenne,adelazenneoe@ucsd.edu,Male,8.243.188.242
880,rosseltonof,Rivkah,Osselton,rosseltonof@who.int,Female,21.3.217.169
881,jstonhouseog,Jaclyn,Stonhouse,jstonhouseog@istockphoto.com,Female,70.199.182.157
882,kwilleoh,Krishnah,Wille,kwilleoh@issuu.com,Female,32.168.3.253
883,fpescottoi,Forester,Pescott,fpescottoi@storify.com,Female,138.98.59.202
884,icastanaresoj,Irina,Castanares,icastanaresoj@mozilla.com,Male,63.174.54.39
885,rgarfieldok,Reggis,Garfield,rgarfieldok@spotify.com,Male,42.102.160.202
886,jphipsonol,Jeffie,Phipson,jphipsonol@time.com,Male,199.107.242.180
887,jvintenom,Jayme,Vinten,jvintenom@yellowbook.com,Female,22.160.241.53
888,fmacgowanon,Felicio,MacGowan,fmacgowanon@washingtonpost.com,Male,6.124.132.98
889,baxlebyoo,Bartlet,Axleby,baxlebyoo@wsj.com,Male,196.185.252.13
890,gdarragonop,Georgine,Darragon,gdarragonop@ucla.edu,Male,170.31.11.41
891,okornalikoq,Oswald,Kornalik,okornalikoq@accuweather.com,Female,255.159.232.11
892,qfearnehoughor,Quentin,Fearnehough,qfearnehoughor@bloglovin.com,Female,135.201.82.85
893,egriniovos,Ernaline,Griniov,egriniovos@t-online.de,Female,171.80.3.99
894,gjobernot,Griffith,Jobern,gjobernot@yandex.ru,Male,163.45.90.252
895,ehessou,Emmy,Hess,ehessou@mayoclinic.com,Female,160.132.214.31
896,eeilhartov,Emanuele,Eilhart,eeilhartov@dropbox.com,Female,90.208.208.50
897,bbridgensow,Bibbie,Bridgens,bbridgensow@usnews.com,Male,94.69.7.33
898,mdreverox,Maureene,Drever,mdreverox@globo.com,Male,93.202.142.129
899,dcurreroy,Dalia,Currer,dcurreroy@google.co.uk,Male,30.32.215.18
900,nbartelloz,Nadiya,Bartell,nbartelloz@mashable.com,Male,83.37.59.99
901,kjordisonp0,Keslie,Jordison,kjordisonp0@house.gov,Female,228.253.190.207
902,gwanlessp1,Griffie,Wanless,gwanlessp1@forbes.com,Male,34.18.163.210
903,mkaveneyp2,Marquita,Kaveney,mkaveneyp2@is.gd,Male,34.214.236.70
904,cpaoluccip3,Casie,Paolucci,cpaoluccip3@berkeley.edu,Female,91.130.89.106
905,rflecknellp4,Rosy,Flecknell,rflecknellp4@mediafire.com,Female,184.248.159.166
906,hmoranp5,Herby,Moran,hmoranp5@ibm.com,Female,154.152.109.84
907,dmicahp6,Darsie,Micah,dmicahp6@mtv.com,Female,51.239.72.135
908,sstlouisp7,Suzann,St. Louis,sstlouisp7@chron.com,Male,94.39.76.46
909,ydentp8,Yankee,Dent,ydentp8@indiegogo.com,Male,51.84.101.4
910,faytop9,Fanya,Ayto,faytop9@dagondesign.com,Male,138.236.80.155
911,lgleadhallpa,Leia,Gleadhall,lgleadhallpa@ted.com,Male,128.244.85.210
912,dlummpb,Durant,Lumm,dlummpb@dagondesign.com,Male,234.182.107.241
913,jdearlpc,Jillie,Dearl,jdearlpc@sina.com.cn,Female,7.47.114.150
914,rcrisallpd,Rennie,Crisall,rcrisallpd@discuz.net,Male,96.178.171.172
915,cgrationpe,Cristine,Gration,cgrationpe@wufoo.com,Female,104.167.137.112
916,allorentepf,Arleta,Llorente,allorentepf@merriam-webster.com,Female,88.64.78.7
917,dbridewellpg,Dorena,Bridewell,dbridewellpg@census.gov,Female,225.185.125.230
918,bberreyph,Bradney,Berrey,bberreyph@tinypic.com,Female,234.84.150.113
919,jpolinipi,Jessee,Polini,jpolinipi@shop-pro.jp,Male,50.142.234.97
920,lstoeckpj,Lou,Stoeck,lstoeckpj@skyrock.com,Male,187.99.239.47
921,fallabushpk,Freddy,Allabush,fallabushpk@sourceforge.net,Male,212.92.86.186
922,dhardwellpl,Danna,Hardwell,dhardwellpl@google.cn,Male,117.157.167.253
923,acholertonpm,Ave,Cholerton,acholertonpm@gov.uk,Female,157.76.86.105
924,hfolderpn,Hall,Folder,hfolderpn@t.co,Male,133.79.176.85
925,flatehousepo,Frederich,Latehouse,flatehousepo@creativecommons.org,Female,232.73.196.35
926,jcreiganpp,Joannes,Creigan,jcreiganpp@newsvine.com,Female,167.89.23.144
927,kharlockpq,Kippar,Harlock,kharlockpq@illinois.edu,Female,101.152.6.32
928,gcraigmylepr,Gabrila,Craigmyle,gcraigmylepr@omniture.com,Male,67.230.203.56
929,mdeclerkps,Meghan,de Clerk,mdeclerkps@godaddy.com,Male,229.84.242.255
930,pduffiept,Perren,Duffie,pduffiept@gnu.org,Male,163.87.61.215
931,dghilardinipu,Doug,Ghilardini,dghilardinipu@dot.gov,Female,108.8.98.99
932,kmowenpv,Kalvin,Mowen,kmowenpv@blogs.com,Female,40.46.201.241
933,sklaffspw,Stephen,Klaffs,sklaffspw@desdev.cn,Female,194.220.26.94
934,jcanedopx,Julee,Canedo,jcanedopx@wikia.com,Female,171.247.144.123
935,rreidshawpy,Ranee,Reidshaw,rreidshawpy@symantec.com,Female,252.174.51.7
936,spalombapz,Sigfrid,Palomba,spalombapz@pcworld.com,Female,78.176.3.21
937,skunkelq0,Shandeigh,Kunkel,skunkelq0@uiuc.edu,Female,102.101.248.225
938,amaccardq1,Anna-diana,MacCard,amaccardq1@simplemachines.org,Male,168.177.8.87
939,cbleddonq2,Clemmie,Bleddon,cbleddonq2@com.com,Male,13.29.254.153
940,lmoncasterq3,La verne,Moncaster,lmoncasterq3@theglobeandmail.com,Female,91.166.201.132
941,delfleetq4,Dew,Elfleet,delfleetq4@samsung.com,Female,132.70.128.76
942,afullmanq5,Ag,Fullman,afullmanq5@nationalgeographic.com,Female,185.127.70.4
943,letonq6,Leroy,Eton,letonq6@dropbox.com,Female,11.245.32.8
944,vsciussciettoq7,Valma,Sciusscietto,vsciussciettoq7@wired.com,Female,202.152.100.202
945,ptilneyq8,Phillida,Tilney,ptilneyq8@nature.com,Male,16.120.7.178
946,asillq9,Aila,Sill,asillq9@cbslocal.com,Male,81.116.85.113
947,sgovesqa,Stephanus,Goves,sgovesqa@aol.com,Female,119.38.2.151
948,mleysqb,Morie,Leys,mleysqb@imdb.com,Male,184.241.95.69
949,kbebbellqc,Klaus,Bebbell,kbebbellqc@wiley.com,Male,150.172.122.26
950,ohuttonqd,Onofredo,Hutton,ohuttonqd@yandex.ru,Male,69.223.223.238
951,drodderqe,Dion,Rodder,drodderqe@1688.com,Male,121.10.85.147
952,ewrennallqf,Editha,Wrennall,ewrennallqf@who.int,Female,108.161.79.148
953,emacdowalqg,Ericha,MacDowal,emacdowalqg@behance.net,Male,221.61.116.199
954,mtryeqh,Melisent,Trye,mtryeqh@purevolume.com,Male,238.98.250.232
955,corgillqi,Cam,Orgill,corgillqi@ustream.tv,Male,186.75.30.151
956,gatleeqj,Gail,Atlee,gatleeqj@senate.gov,Male,40.89.229.145
957,mbrosekeqk,Marlow,Broseke,mbrosekeqk@networkadvertising.org,Male,50.72.13.156
958,gpucknellql,Goddart,Pucknell,gpucknellql@berkeley.edu,Female,230.99.198.82
959,mchatbandqm,Margarette,Chatband,mchatbandqm@webmd.com,Male,41.71.87.184
960,kfreundqn,Kristy,Freund,kfreundqn@skyrock.com,Male,225.7.48.55
961,ktakleqo,Ki,Takle,ktakleqo@youku.com,Male,14.66.87.130
962,aclewesqp,Asia,Clewes,aclewesqp@blinklist.com,Male,212.71.80.110
963,jfitchetqq,Jillayne,Fitchet,jfitchetqq@dailymotion.com,Female,35.20.84.144
964,ephillcockqr,Evelin,Phillcock,ephillcockqr@squidoo.com,Male,83.15.104.40
965,globeqs,Gunner,Lobe,globeqs@ehow.com,Male,129.184.196.26
966,ejeffreyqt,Edvard,Jeffrey,ejeffreyqt@zdnet.com,Female,162.135.14.160
967,tkiezlerqu,Teodor,Kiezler,tkiezlerqu@hao123.com,Female,220.75.40.30
968,cjostqv,Cosette,Jost,cjostqv@jiathis.com,Female,250.154.215.182
969,msidawayqw,Marjory,Sidaway,msidawayqw@tumblr.com,Female,133.125.4.129
970,mmucklestonqx,Margaux,Muckleston,mmucklestonqx@csmonitor.com,Male,174.123.245.14
971,rsaullqy,Rosella,Saull,rsaullqy@imgur.com,Male,8.93.189.141
972,dmikoqz,Dew,Miko,dmikoqz@ibm.com,Male,200.224.151.209
973,vfairnier0,Valeria,Fairnie,vfairnier0@upenn.edu,Female,236.61.189.92
974,ofenger1,Obed,Fenge,ofenger1@businessweek.com,Female,219.84.246.15
975,elocksr2,Ethelda,Locks,elocksr2@usa.gov,Male,14.246.151.140
976,rkayer3,Roderick,Kaye,rkayer3@cargocollective.com,Female,67.65.173.111
977,kdwerryhouser4,Konrad,Dwerryhouse,kdwerryhouser4@symantec.com,Female,112.212.210.87
978,kmcmurrayar5,Kikelia,McMurraya,kmcmurrayar5@goo.gl,Female,79.124.48.38
979,sfeer6,Simmonds,Fee,sfeer6@independent.co.uk,Female,237.181.66.107
980,anoyesr7,Alric,Noyes,anoyesr7@cafepress.com,Male,213.176.85.196
981,rjoselinr8,Rowan,Joselin,rjoselinr8@csmonitor.com,Male,129.74.115.167
982,estermanr9,Edmon,Sterman,estermanr9@deliciousdays.com,Male,243.113.61.84
983,vcatora,Vinny,Cato,vcatora@friendfeed.com,Female,17.16.10.6
984,lmcpakerb,Lea,McPake,lmcpakerb@jigsy.com,Female,224.68.23.179
985,mwabeyrc,Marylynne,Wabey,mwabeyrc@infoseek.co.jp,Male,180.158.191.63
986,bmagovernrd,Brigg,Magovern,bmagovernrd@wordpress.com,Female,155.95.68.85
987,tthornere,Thekla,Thorne,tthornere@bravesites.com,Female,65.171.213.179
988,bmayworthrf,Bernette,Mayworth,bmayworthrf@google.de,Female,81.65.2.185
989,jtregunnarg,Jehu,Tregunna,jtregunnarg@hhs.gov,Male,53.34.130.232
990,hgostickrh,Hulda,Gostick,hgostickrh@hibu.com,Female,121.246.173.21
991,bteazri,Bebe,Teaz,bteazri@ustream.tv,Male,5.3.94.47
992,mdudinrj,Mendie,Dudin,mdudinrj@jalbum.net,Female,162.35.149.196
993,lshewsmithrk,Loralie,Shewsmith,lshewsmithrk@reference.com,Female,195.67.20.73
994,ktatnellrl,Kylila,Tatnell,ktatnellrl@discuz.net,Male,166.18.176.22
995,dhardeyrm,Demetrius,Hardey,dhardeyrm@statcounter.com,Male,0.226.197.10
996,ojanouchrn,Olia,Janouch,ojanouchrn@wordpress.com,Male,190.203.138.71
997,cdavidovichro,Cris,Davidovich,cdavidovichro@miibeian.gov.cn,Male,250.210.59.169
998,rtoomerrp,Rollin,Toomer,rtoomerrp@51.la,Female,95.56.72.170
999,uholbornrq,Urbain,Holborn,uholbornrq@ibm.com,Female,248.141.225.208
1000,gscathardrr,Gabbie,Scathard,gscathardrr@adobe.com,Female,149.91.158.142
